id,title,description,availability,condition,price,link,image_link,additional_image_link,video_link,brand,status,google_product_category,fb_product_category
EQ6GW9QMAR,"Soporte con aro de luz","ME MATA LIMON
Estamos en el KM3, Eldorado, Misiones

WhatsApp:
https://wa.me/5493751588753
https://wa.me/5493751588752
https://wa.me/5493757526015
https://wa.me/5493757526109

Nuestro canal en WhatsApp: https://whatsapp.com/channel/0029VbAee6b72WTumItPPh3U
Nuestro Instagram: @accesorioslimonok
Link a nuestra web: https://mematalimon.com.ar",in stock,new,12500 ARS,https://mematalimon.com.ar/producto/2,https://mematalimon.com.ar/imgcarrito/2.jpg,https://mematalimon.com.ar/imgcarrito/2B.jpg;https://mematalimon.com.ar/imgcarrito/2C.jpg;https://mematalimon.com.ar/imgcarrito/2D.jpg;https://mematalimon.com.ar/imgcarrito/2E.jpg,,Me mata limon,active,166,530
WWB45R4QK5,"Auricular bluetooth M10","ME MATA LIMON
Estamos en el KM3, Eldorado, Misiones

WhatsApp:
https://wa.me/5493751588753
https://wa.me/5493751588752
https://wa.me/5493757526015
https://wa.me/5493757526109

Nuestro canal en WhatsApp: https://whatsapp.com/channel/0029VbAee6b72WTumItPPh3U
Nuestro Instagram: @accesorioslimonok
Link a nuestra web: https://mematalimon.com.ar",in stock,new,10000 ARS,https://mematalimon.com.ar/producto/3,https://mematalimon.com.ar/imgcarrito/3.jpg,https://mematalimon.com.ar/imgcarrito/3B.jpg;https://mematalimon.com.ar/imgcarrito/3C.jpg;https://mematalimon.com.ar/imgcarrito/3D.jpg;https://mematalimon.com.ar/imgcarrito/3E.jpg,,Me mata limon,active,166,530
JU4QT48UAQ,"Adaptador hub TIPOC a HDMI","Para conectar un celular a la TV asegurarse primero que sea compatible con salida de video. Mayormente compatibles los celulares de alta gama

ME MATA LIMON
Estamos en el KM3, Eldorado, Misiones

WhatsApp:
https://wa.me/5493751588753
https://wa.me/5493751588752
https://wa.me/5493757526015
https://wa.me/5493757526109

Nuestro canal en WhatsApp: https://whatsapp.com/channel/0029VbAee6b72WTumItPPh3U
Nuestro Instagram: @accesorioslimonok
Link a nuestra web: https://mematalimon.com.ar",in stock,new,18000 ARS,https://mematalimon.com.ar/producto/10,https://mematalimon.com.ar/imgcarrito/10.jpg,https://mematalimon.com.ar/imgcarrito/10B.jpg;https://mematalimon.com.ar/imgcarrito/10C.jpg;https://mematalimon.com.ar/imgcarrito/10D.jpg;https://mematalimon.com.ar/imgcarrito/10E.jpg,,Me mata limon,active,166,530
4X2VSJIYS8,"Pad almohadilla reposa muñecas gris","ME MATA LIMON
Estamos en el KM3, Eldorado, Misiones

WhatsApp:
https://wa.me/5493751588753
https://wa.me/5493751588752
https://wa.me/5493757526015
https://wa.me/5493757526109

Nuestro canal en WhatsApp: https://whatsapp.com/channel/0029VbAee6b72WTumItPPh3U
Nuestro Instagram: @accesorioslimonok
Link a nuestra web: https://mematalimon.com.ar",in stock,new,11200 ARS,https://mematalimon.com.ar/producto/14,https://mematalimon.com.ar/imgcarrito/14.jpg,https://mematalimon.com.ar/imgcarrito/14B.jpg;https://mematalimon.com.ar/imgcarrito/14C.jpg;https://mematalimon.com.ar/imgcarrito/14D.jpg;https://mematalimon.com.ar/imgcarrito/14E.jpg,,Me mata limon,active,166,530
3INBVLFGED,"Aro de luz 30cm 12 pulgadas","Luz calida, neutra y fria. Incluye soporte para celular y la conexión es por USB

ME MATA LIMON
Estamos en el KM3, Eldorado, Misiones

WhatsApp:
https://wa.me/5493751588753
https://wa.me/5493751588752
https://wa.me/5493757526015
https://wa.me/5493757526109

Nuestro canal en WhatsApp: https://whatsapp.com/channel/0029VbAee6b72WTumItPPh3U
Nuestro Instagram: @accesorioslimonok
Link a nuestra web: https://mematalimon.com.ar",in stock,new,14600 ARS,https://mematalimon.com.ar/producto/17,https://mematalimon.com.ar/imgcarrito/17.jpg,https://mematalimon.com.ar/imgcarrito/17B.jpg;https://mematalimon.com.ar/imgcarrito/17C.jpg;https://mematalimon.com.ar/imgcarrito/17D.jpg;https://mematalimon.com.ar/imgcarrito/17E.jpg,,Me mata limon,active,166,530
FKVP68BCOS,"Aro de luz RGB 30cm 12 pulgadas","Luz calida, neutra y fria + 7 colores RGB. Incluye soporte para celular. La conexion es por USB

ME MATA LIMON
Estamos en el KM3, Eldorado, Misiones

WhatsApp:
https://wa.me/5493751588753
https://wa.me/5493751588752
https://wa.me/5493757526015
https://wa.me/5493757526109

Nuestro canal en WhatsApp: https://whatsapp.com/channel/0029VbAee6b72WTumItPPh3U
Nuestro Instagram: @accesorioslimonok
Link a nuestra web: https://mematalimon.com.ar",in stock,new,17600 ARS,https://mematalimon.com.ar/producto/18,https://mematalimon.com.ar/imgcarrito/18.jpg,https://mematalimon.com.ar/imgcarrito/18B.jpg;https://mematalimon.com.ar/imgcarrito/18C.jpg;https://mematalimon.com.ar/imgcarrito/18D.jpg;https://mematalimon.com.ar/imgcarrito/18E.jpg,,Me mata limon,active,166,530
656P0H66J3,"Audifono para sordera por unidad","Con control de volumen. No son profesionales

ME MATA LIMON
Estamos en el KM3, Eldorado, Misiones

WhatsApp:
https://wa.me/5493751588753
https://wa.me/5493751588752
https://wa.me/5493757526015
https://wa.me/5493757526109

Nuestro canal en WhatsApp: https://whatsapp.com/channel/0029VbAee6b72WTumItPPh3U
Nuestro Instagram: @accesorioslimonok
Link a nuestra web: https://mematalimon.com.ar",in stock,new,11500 ARS,https://mematalimon.com.ar/producto/19,https://mematalimon.com.ar/imgcarrito/19.jpg,https://mematalimon.com.ar/imgcarrito/19B.jpg;https://mematalimon.com.ar/imgcarrito/19C.jpg;https://mematalimon.com.ar/imgcarrito/19D.jpg;https://mematalimon.com.ar/imgcarrito/19E.jpg,,Me mata limon,active,166,530
t5laeie1rn,"Auricular vincha bluetooth P47 rojo","ME MATA LIMON
Estamos en el KM3, Eldorado, Misiones

WhatsApp:
https://wa.me/5493751588753
https://wa.me/5493751588752
https://wa.me/5493757526015
https://wa.me/5493757526109

Nuestro canal en WhatsApp: https://whatsapp.com/channel/0029VbAee6b72WTumItPPh3U
Nuestro Instagram: @accesorioslimonok
Link a nuestra web: https://mematalimon.com.ar",in stock,new,8500 ARS,https://mematalimon.com.ar/producto/26,https://mematalimon.com.ar/imgcarrito/26.jpg,https://mematalimon.com.ar/imgcarrito/26B.jpg;https://mematalimon.com.ar/imgcarrito/26C.jpg;https://mematalimon.com.ar/imgcarrito/26D.jpg;https://mematalimon.com.ar/imgcarrito/26E.jpg,,Me mata limon,active,166,530
KPSZ43TKOR,"Auricular bluetooth M10 personalizado","Grabale un nombre o frase

ME MATA LIMON
Estamos en el KM3, Eldorado, Misiones

WhatsApp:
https://wa.me/5493751588753
https://wa.me/5493751588752
https://wa.me/5493757526015
https://wa.me/5493757526109

Nuestro canal en WhatsApp: https://whatsapp.com/channel/0029VbAee6b72WTumItPPh3U
Nuestro Instagram: @accesorioslimonok
Link a nuestra web: https://mematalimon.com.ar",in stock,new,13000 ARS,https://mematalimon.com.ar/producto/28,https://mematalimon.com.ar/imgcarrito/28.jpg,https://mematalimon.com.ar/imgcarrito/28B.jpg;https://mematalimon.com.ar/imgcarrito/28C.jpg;https://mematalimon.com.ar/imgcarrito/28D.jpg;https://mematalimon.com.ar/imgcarrito/28E.jpg,,Me mata limon,active,166,530
3qhbz3legv,"Auricular vincha bluetooth P47 verde","ME MATA LIMON
Estamos en el KM3, Eldorado, Misiones

WhatsApp:
https://wa.me/5493751588753
https://wa.me/5493751588752
https://wa.me/5493757526015
https://wa.me/5493757526109

Nuestro canal en WhatsApp: https://whatsapp.com/channel/0029VbAee6b72WTumItPPh3U
Nuestro Instagram: @accesorioslimonok
Link a nuestra web: https://mematalimon.com.ar",in stock,new,8500 ARS,https://mematalimon.com.ar/producto/30,https://mematalimon.com.ar/imgcarrito/30.jpg,https://mematalimon.com.ar/imgcarrito/30B.jpg;https://mematalimon.com.ar/imgcarrito/30C.jpg;https://mematalimon.com.ar/imgcarrito/30D.jpg;https://mematalimon.com.ar/imgcarrito/30E.jpg,,Me mata limon,active,166,530
KIUDC3FLQY,"Cable USB a TIPOC 3.1A amarillo","Por la potencia del cable es recomendable para celulares con carga estandar, por ejemplo Samsung A02, similares

ME MATA LIMON
Estamos en el KM3, Eldorado, Misiones

WhatsApp:
https://wa.me/5493751588753
https://wa.me/5493751588752
https://wa.me/5493757526015
https://wa.me/5493757526109

Nuestro canal en WhatsApp: https://whatsapp.com/channel/0029VbAee6b72WTumItPPh3U
Nuestro Instagram: @accesorioslimonok
Link a nuestra web: https://mematalimon.com.ar",in stock,new,1500 ARS,https://mematalimon.com.ar/producto/55,https://mematalimon.com.ar/imgcarrito/55.jpg,https://mematalimon.com.ar/imgcarrito/55B.jpg;https://mematalimon.com.ar/imgcarrito/55C.jpg;https://mematalimon.com.ar/imgcarrito/55D.jpg;https://mematalimon.com.ar/imgcarrito/55E.jpg,,Me mata limon,active,166,530
N1DGLZHCEA,"Cable USB a TIPOC 3.1A verde","Por la potencia del cable es recomendable para carga estandar, por ejemplo Samsung A02 o similares

ME MATA LIMON
Estamos en el KM3, Eldorado, Misiones

WhatsApp:
https://wa.me/5493751588753
https://wa.me/5493751588752
https://wa.me/5493757526015
https://wa.me/5493757526109

Nuestro canal en WhatsApp: https://whatsapp.com/channel/0029VbAee6b72WTumItPPh3U
Nuestro Instagram: @accesorioslimonok
Link a nuestra web: https://mematalimon.com.ar",in stock,new,1500 ARS,https://mematalimon.com.ar/producto/56,https://mematalimon.com.ar/imgcarrito/56.jpg,https://mematalimon.com.ar/imgcarrito/56B.jpg;https://mematalimon.com.ar/imgcarrito/56C.jpg;https://mematalimon.com.ar/imgcarrito/56D.jpg;https://mematalimon.com.ar/imgcarrito/56E.jpg,,Me mata limon,active,166,530
WC24WRXJ1K,"Cargador de notebook universal 120W","Con ficha TIPOC y Juana Manso.
Con regulador de voltaje

ME MATA LIMON
Estamos en el KM3, Eldorado, Misiones

WhatsApp:
https://wa.me/5493751588753
https://wa.me/5493751588752
https://wa.me/5493757526015
https://wa.me/5493757526109

Nuestro canal en WhatsApp: https://whatsapp.com/channel/0029VbAee6b72WTumItPPh3U
Nuestro Instagram: @accesorioslimonok
Link a nuestra web: https://mematalimon.com.ar",in stock,new,18500 ARS,https://mematalimon.com.ar/producto/73,https://mematalimon.com.ar/imgcarrito/73.jpg,https://mematalimon.com.ar/imgcarrito/73B.jpg;https://mematalimon.com.ar/imgcarrito/73C.jpg;https://mematalimon.com.ar/imgcarrito/73D.jpg;https://mematalimon.com.ar/imgcarrito/73E.jpg,,Me mata limon,active,166,530
SIL30VTTY1,"Control remoto universal para TV LED (NO SMARTV)","En observaciones aclarar para que marca es

ME MATA LIMON
Estamos en el KM3, Eldorado, Misiones

WhatsApp:
https://wa.me/5493751588753
https://wa.me/5493751588752
https://wa.me/5493757526015
https://wa.me/5493757526109

Nuestro canal en WhatsApp: https://whatsapp.com/channel/0029VbAee6b72WTumItPPh3U
Nuestro Instagram: @accesorioslimonok
Link a nuestra web: https://mematalimon.com.ar",in stock,new,9000 ARS,https://mematalimon.com.ar/producto/77,https://mematalimon.com.ar/imgcarrito/77.jpg,https://mematalimon.com.ar/imgcarrito/77B.jpg;https://mematalimon.com.ar/imgcarrito/77C.jpg;https://mematalimon.com.ar/imgcarrito/77D.jpg;https://mematalimon.com.ar/imgcarrito/77E.jpg,,Me mata limon,active,166,530
0ujsrq57xs,"Control universal para aire acondicionado","En observaciones aclarar que marca es

ME MATA LIMON
Estamos en el KM3, Eldorado, Misiones

WhatsApp:
https://wa.me/5493751588753
https://wa.me/5493751588752
https://wa.me/5493757526015
https://wa.me/5493757526109

Nuestro canal en WhatsApp: https://whatsapp.com/channel/0029VbAee6b72WTumItPPh3U
Nuestro Instagram: @accesorioslimonok
Link a nuestra web: https://mematalimon.com.ar",in stock,new,7300 ARS,https://mematalimon.com.ar/producto/78,https://mematalimon.com.ar/imgcarrito/78.jpg,https://mematalimon.com.ar/imgcarrito/78B.jpg;https://mematalimon.com.ar/imgcarrito/78C.jpg;https://mematalimon.com.ar/imgcarrito/78D.jpg;https://mematalimon.com.ar/imgcarrito/78E.jpg,,Me mata limon,active,166,530
SMKFVVITFF,"Cortadora de pelo recargable 6 en 1 amarillo","Con pantalla que indica la bateria.
Incluye peines guia, aceite lubricante y cable de carga

ME MATA LIMON
Estamos en el KM3, Eldorado, Misiones

WhatsApp:
https://wa.me/5493751588753
https://wa.me/5493751588752
https://wa.me/5493757526015
https://wa.me/5493757526109

Nuestro canal en WhatsApp: https://whatsapp.com/channel/0029VbAee6b72WTumItPPh3U
Nuestro Instagram: @accesorioslimonok
Link a nuestra web: https://mematalimon.com.ar",in stock,new,12000 ARS,https://mematalimon.com.ar/producto/83,https://mematalimon.com.ar/imgcarrito/83.jpg,https://mematalimon.com.ar/imgcarrito/83B.jpg;https://mematalimon.com.ar/imgcarrito/83C.jpg;https://mematalimon.com.ar/imgcarrito/83D.jpg;https://mematalimon.com.ar/imgcarrito/83E.jpg,,Me mata limon,active,166,530
YUH0PPP0WT,"Cortadora de pelo recargable 6 en 1 celeste","Con pantalla que indica bateria.
Incluye peines guia, aceite lubricante y cable de carga

ME MATA LIMON
Estamos en el KM3, Eldorado, Misiones

WhatsApp:
https://wa.me/5493751588753
https://wa.me/5493751588752
https://wa.me/5493757526015
https://wa.me/5493757526109

Nuestro canal en WhatsApp: https://whatsapp.com/channel/0029VbAee6b72WTumItPPh3U
Nuestro Instagram: @accesorioslimonok
Link a nuestra web: https://mematalimon.com.ar",in stock,new,12000 ARS,https://mematalimon.com.ar/producto/84,https://mematalimon.com.ar/imgcarrito/84.jpg,https://mematalimon.com.ar/imgcarrito/84B.jpg;https://mematalimon.com.ar/imgcarrito/84C.jpg;https://mematalimon.com.ar/imgcarrito/84D.jpg;https://mematalimon.com.ar/imgcarrito/84E.jpg,,Me mata limon,active,166,530
LZ895273K7,"Cortadora de pelo recargable 6 en 1 violeta","Con pantalla que indica bateria.
Incluye peines guia, aceite lubricante y cable de carga

ME MATA LIMON
Estamos en el KM3, Eldorado, Misiones

WhatsApp:
https://wa.me/5493751588753
https://wa.me/5493751588752
https://wa.me/5493757526015
https://wa.me/5493757526109

Nuestro canal en WhatsApp: https://whatsapp.com/channel/0029VbAee6b72WTumItPPh3U
Nuestro Instagram: @accesorioslimonok
Link a nuestra web: https://mematalimon.com.ar",in stock,new,12000 ARS,https://mematalimon.com.ar/producto/85,https://mematalimon.com.ar/imgcarrito/85.jpg,https://mematalimon.com.ar/imgcarrito/85B.jpg;https://mematalimon.com.ar/imgcarrito/85C.jpg;https://mematalimon.com.ar/imgcarrito/85D.jpg;https://mematalimon.com.ar/imgcarrito/85E.jpg,,Me mata limon,active,166,530
h6sqrlhge2,"Depiladora corporal recargable 4 en 1","Incluye cabezales para distintas partes del cuerpo

ME MATA LIMON
Estamos en el KM3, Eldorado, Misiones

WhatsApp:
https://wa.me/5493751588753
https://wa.me/5493751588752
https://wa.me/5493757526015
https://wa.me/5493757526109

Nuestro canal en WhatsApp: https://whatsapp.com/channel/0029VbAee6b72WTumItPPh3U
Nuestro Instagram: @accesorioslimonok
Link a nuestra web: https://mematalimon.com.ar",in stock,new,30600 ARS,https://mematalimon.com.ar/producto/86,https://mematalimon.com.ar/imgcarrito/86.jpg,https://mematalimon.com.ar/imgcarrito/86B.jpg;https://mematalimon.com.ar/imgcarrito/86C.jpg;https://mematalimon.com.ar/imgcarrito/86D.jpg;https://mematalimon.com.ar/imgcarrito/86E.jpg,,Me mata limon,active,166,530
F9XRJ88E9K,"Depiladora corporal recargable con sensor","Incluye rasuradora.
Con sensor, se activa cuando toca la piel

ME MATA LIMON
Estamos en el KM3, Eldorado, Misiones

WhatsApp:
https://wa.me/5493751588753
https://wa.me/5493751588752
https://wa.me/5493757526015
https://wa.me/5493757526109

Nuestro canal en WhatsApp: https://whatsapp.com/channel/0029VbAee6b72WTumItPPh3U
Nuestro Instagram: @accesorioslimonok
Link a nuestra web: https://mematalimon.com.ar",in stock,new,13200 ARS,https://mematalimon.com.ar/producto/87,https://mematalimon.com.ar/imgcarrito/87.jpg,https://mematalimon.com.ar/imgcarrito/87B.jpg;https://mematalimon.com.ar/imgcarrito/87C.jpg;https://mematalimon.com.ar/imgcarrito/87D.jpg;https://mematalimon.com.ar/imgcarrito/87E.jpg,,Me mata limon,active,166,530
R0687W1C3S,"Soporte de celular 3 en 1 para auto","Para parabrisas, rejilla o tablero

ME MATA LIMON
Estamos en el KM3, Eldorado, Misiones

WhatsApp:
https://wa.me/5493751588753
https://wa.me/5493751588752
https://wa.me/5493757526015
https://wa.me/5493757526109

Nuestro canal en WhatsApp: https://whatsapp.com/channel/0029VbAee6b72WTumItPPh3U
Nuestro Instagram: @accesorioslimonok
Link a nuestra web: https://mematalimon.com.ar",in stock,new,8500 ARS,https://mematalimon.com.ar/producto/110,https://mematalimon.com.ar/imgcarrito/110.jpg,https://mematalimon.com.ar/imgcarrito/110B.jpg;https://mematalimon.com.ar/imgcarrito/110C.jpg;https://mematalimon.com.ar/imgcarrito/110D.jpg;https://mematalimon.com.ar/imgcarrito/110E.jpg,,Me mata limon,active,166,530
9DRULD4ZS8,"Lapiz infinito arcoiris Amarillo","Punta de grafito con aleacion de metal que se desgasta menos.
Incluye 6 puntas de colores

ME MATA LIMON
Estamos en el KM3, Eldorado, Misiones

WhatsApp:
https://wa.me/5493751588753
https://wa.me/5493751588752
https://wa.me/5493757526015
https://wa.me/5493757526109

Nuestro canal en WhatsApp: https://whatsapp.com/channel/0029VbAee6b72WTumItPPh3U
Nuestro Instagram: @accesorioslimonok
Link a nuestra web: https://mematalimon.com.ar",in stock,new,4000 ARS,https://mematalimon.com.ar/producto/118,https://mematalimon.com.ar/imgcarrito/118.jpg,https://mematalimon.com.ar/imgcarrito/118B.jpg;https://mematalimon.com.ar/imgcarrito/118C.jpg;https://mematalimon.com.ar/imgcarrito/118D.jpg;https://mematalimon.com.ar/imgcarrito/118E.jpg,,Me mata limon,active,166,530
MFZ9W10V2M,"Lapiz infinito arcoiris Blanco","Punta de grafito con aleacion de metal hace que se desgaste menos.
Incluye 6 puntas de colores

ME MATA LIMON
Estamos en el KM3, Eldorado, Misiones

WhatsApp:
https://wa.me/5493751588753
https://wa.me/5493751588752
https://wa.me/5493757526015
https://wa.me/5493757526109

Nuestro canal en WhatsApp: https://whatsapp.com/channel/0029VbAee6b72WTumItPPh3U
Nuestro Instagram: @accesorioslimonok
Link a nuestra web: https://mematalimon.com.ar",in stock,new,4000 ARS,https://mematalimon.com.ar/producto/119,https://mematalimon.com.ar/imgcarrito/119.jpg,https://mematalimon.com.ar/imgcarrito/119B.jpg;https://mematalimon.com.ar/imgcarrito/119C.jpg;https://mematalimon.com.ar/imgcarrito/119D.jpg;https://mematalimon.com.ar/imgcarrito/119E.jpg,,Me mata limon,active,166,530
3M4X5JF0C0,"Lapiz infinito arcoiris Celeste","Punta de grafito con aleacion de metal que se desgasta menos.
Incluye 6 puntas de colores

ME MATA LIMON
Estamos en el KM3, Eldorado, Misiones

WhatsApp:
https://wa.me/5493751588753
https://wa.me/5493751588752
https://wa.me/5493757526015
https://wa.me/5493757526109

Nuestro canal en WhatsApp: https://whatsapp.com/channel/0029VbAee6b72WTumItPPh3U
Nuestro Instagram: @accesorioslimonok
Link a nuestra web: https://mematalimon.com.ar",in stock,new,4000 ARS,https://mematalimon.com.ar/producto/120,https://mematalimon.com.ar/imgcarrito/120.jpg,https://mematalimon.com.ar/imgcarrito/120B.jpg;https://mematalimon.com.ar/imgcarrito/120C.jpg;https://mematalimon.com.ar/imgcarrito/120D.jpg;https://mematalimon.com.ar/imgcarrito/120E.jpg,,Me mata limon,active,166,530
D4AKLAKPEC,"Lapiz infinito arcoiris Rosa","Punta de grafito con aleacion de metal que se desgasta menos.
Incluye 6 puntas de colores

ME MATA LIMON
Estamos en el KM3, Eldorado, Misiones

WhatsApp:
https://wa.me/5493751588753
https://wa.me/5493751588752
https://wa.me/5493757526015
https://wa.me/5493757526109

Nuestro canal en WhatsApp: https://whatsapp.com/channel/0029VbAee6b72WTumItPPh3U
Nuestro Instagram: @accesorioslimonok
Link a nuestra web: https://mematalimon.com.ar",in stock,new,4000 ARS,https://mematalimon.com.ar/producto/121,https://mematalimon.com.ar/imgcarrito/121.jpg,https://mematalimon.com.ar/imgcarrito/121B.jpg;https://mematalimon.com.ar/imgcarrito/121C.jpg;https://mematalimon.com.ar/imgcarrito/121D.jpg;https://mematalimon.com.ar/imgcarrito/121E.jpg,,Me mata limon,active,166,530
0SMW9NAA8H,"Lapiz tactil recargable con punta fina","Con sensor y luz led indicadora de bateria

ME MATA LIMON
Estamos en el KM3, Eldorado, Misiones

WhatsApp:
https://wa.me/5493751588753
https://wa.me/5493751588752
https://wa.me/5493757526015
https://wa.me/5493757526109

Nuestro canal en WhatsApp: https://whatsapp.com/channel/0029VbAee6b72WTumItPPh3U
Nuestro Instagram: @accesorioslimonok
Link a nuestra web: https://mematalimon.com.ar",in stock,new,15000 ARS,https://mematalimon.com.ar/producto/124,https://mematalimon.com.ar/imgcarrito/124.jpg,https://mematalimon.com.ar/imgcarrito/124B.jpg;https://mematalimon.com.ar/imgcarrito/124C.jpg;https://mematalimon.com.ar/imgcarrito/124D.jpg;https://mematalimon.com.ar/imgcarrito/124E.jpg,,Me mata limon,active,166,530
WY5VDR5L4Y,"Limpiador de brochas para maquillaje","Conexion por USB

ME MATA LIMON
Estamos en el KM3, Eldorado, Misiones

WhatsApp:
https://wa.me/5493751588753
https://wa.me/5493751588752
https://wa.me/5493757526015
https://wa.me/5493757526109

Nuestro canal en WhatsApp: https://whatsapp.com/channel/0029VbAee6b72WTumItPPh3U
Nuestro Instagram: @accesorioslimonok
Link a nuestra web: https://mematalimon.com.ar",in stock,new,12900 ARS,https://mematalimon.com.ar/producto/128,https://mematalimon.com.ar/imgcarrito/128.jpg,https://mematalimon.com.ar/imgcarrito/128B.jpg;https://mematalimon.com.ar/imgcarrito/128C.jpg;https://mematalimon.com.ar/imgcarrito/128D.jpg;https://mematalimon.com.ar/imgcarrito/128E.jpg,,Me mata limon,active,166,530
CMVOSBS8K3,"Maquina de afeitar descartable por unidad","ME MATA LIMON
Estamos en el KM3, Eldorado, Misiones

WhatsApp:
https://wa.me/5493751588753
https://wa.me/5493751588752
https://wa.me/5493757526015
https://wa.me/5493757526109

Nuestro canal en WhatsApp: https://whatsapp.com/channel/0029VbAee6b72WTumItPPh3U
Nuestro Instagram: @accesorioslimonok
Link a nuestra web: https://mematalimon.com.ar",in stock,new,1500 ARS,https://mematalimon.com.ar/producto/134,https://mematalimon.com.ar/imgcarrito/134.jpg,https://mematalimon.com.ar/imgcarrito/134B.jpg;https://mematalimon.com.ar/imgcarrito/134C.jpg;https://mematalimon.com.ar/imgcarrito/134D.jpg;https://mematalimon.com.ar/imgcarrito/134E.jpg,,Me mata limon,active,166,530
IPHJW5L5FI,"Encendedor electrico recargable negro","Incluye cable usb de carga

ME MATA LIMON
Estamos en el KM3, Eldorado, Misiones

WhatsApp:
https://wa.me/5493751588753
https://wa.me/5493751588752
https://wa.me/5493757526015
https://wa.me/5493757526109

Nuestro canal en WhatsApp: https://whatsapp.com/channel/0029VbAee6b72WTumItPPh3U
Nuestro Instagram: @accesorioslimonok
Link a nuestra web: https://mematalimon.com.ar",in stock,new,7600 ARS,https://mematalimon.com.ar/producto/135,https://mematalimon.com.ar/imgcarrito/135.jpg,https://mematalimon.com.ar/imgcarrito/135B.jpg;https://mematalimon.com.ar/imgcarrito/135C.jpg;https://mematalimon.com.ar/imgcarrito/135D.jpg;https://mematalimon.com.ar/imgcarrito/135E.jpg,,Me mata limon,active,166,530
epab6mrwkl,"Marcadores de doble punta x24","ME MATA LIMON
Estamos en el KM3, Eldorado, Misiones

WhatsApp:
https://wa.me/5493751588753
https://wa.me/5493751588752
https://wa.me/5493757526015
https://wa.me/5493757526109

Nuestro canal en WhatsApp: https://whatsapp.com/channel/0029VbAee6b72WTumItPPh3U
Nuestro Instagram: @accesorioslimonok
Link a nuestra web: https://mematalimon.com.ar",in stock,new,7500 ARS,https://mematalimon.com.ar/producto/136,https://mematalimon.com.ar/imgcarrito/136.jpg,https://mematalimon.com.ar/imgcarrito/136B.jpg;https://mematalimon.com.ar/imgcarrito/136C.jpg;https://mematalimon.com.ar/imgcarrito/136D.jpg;https://mematalimon.com.ar/imgcarrito/136E.jpg,,Me mata limon,active,166,530
G33C764O4U,"Marcadores de doble punta x60","ME MATA LIMON
Estamos en el KM3, Eldorado, Misiones

WhatsApp:
https://wa.me/5493751588753
https://wa.me/5493751588752
https://wa.me/5493757526015
https://wa.me/5493757526109

Nuestro canal en WhatsApp: https://whatsapp.com/channel/0029VbAee6b72WTumItPPh3U
Nuestro Instagram: @accesorioslimonok
Link a nuestra web: https://mematalimon.com.ar",in stock,new,21500 ARS,https://mematalimon.com.ar/producto/137,https://mematalimon.com.ar/imgcarrito/137.jpg,https://mematalimon.com.ar/imgcarrito/137B.jpg;https://mematalimon.com.ar/imgcarrito/137C.jpg;https://mematalimon.com.ar/imgcarrito/137D.jpg;https://mematalimon.com.ar/imgcarrito/137E.jpg,,Me mata limon,active,166,530
A8G3VDPP69,"Masajeador intimo 2 en 1","Información unicamente por WhatsApp

ME MATA LIMON
Estamos en el KM3, Eldorado, Misiones

WhatsApp:
https://wa.me/5493751588753
https://wa.me/5493751588752
https://wa.me/5493757526015
https://wa.me/5493757526109

Nuestro canal en WhatsApp: https://whatsapp.com/channel/0029VbAee6b72WTumItPPh3U
Nuestro Instagram: @accesorioslimonok
Link a nuestra web: https://mematalimon.com.ar",in stock,new,21600 ARS,https://mematalimon.com.ar/producto/138,https://mematalimon.com.ar/imgcarrito/138.jpg,https://mematalimon.com.ar/imgcarrito/138B.jpg;https://mematalimon.com.ar/imgcarrito/138C.jpg;https://mematalimon.com.ar/imgcarrito/138D.jpg;https://mematalimon.com.ar/imgcarrito/138E.jpg,,Me mata limon,active,166,530
WOUTRQ1C2L,"Masajeador intimo 22cm","Informacion unicamente por WhatsApp

ME MATA LIMON
Estamos en el KM3, Eldorado, Misiones

WhatsApp:
https://wa.me/5493751588753
https://wa.me/5493751588752
https://wa.me/5493757526015
https://wa.me/5493757526109

Nuestro canal en WhatsApp: https://whatsapp.com/channel/0029VbAee6b72WTumItPPh3U
Nuestro Instagram: @accesorioslimonok
Link a nuestra web: https://mematalimon.com.ar",in stock,new,38400 ARS,https://mematalimon.com.ar/producto/139,https://mematalimon.com.ar/imgcarrito/139.jpg,https://mematalimon.com.ar/imgcarrito/139B.jpg;https://mematalimon.com.ar/imgcarrito/139C.jpg;https://mematalimon.com.ar/imgcarrito/139D.jpg;https://mematalimon.com.ar/imgcarrito/139E.jpg,,Me mata limon,active,166,530
EVZI09GGCZ,"Masajeador intimo plug 9cm","Informacion unicamente por WhatsApp

ME MATA LIMON
Estamos en el KM3, Eldorado, Misiones

WhatsApp:
https://wa.me/5493751588753
https://wa.me/5493751588752
https://wa.me/5493757526015
https://wa.me/5493757526109

Nuestro canal en WhatsApp: https://whatsapp.com/channel/0029VbAee6b72WTumItPPh3U
Nuestro Instagram: @accesorioslimonok
Link a nuestra web: https://mematalimon.com.ar",in stock,new,20800 ARS,https://mematalimon.com.ar/producto/140,https://mematalimon.com.ar/imgcarrito/140.jpg,https://mematalimon.com.ar/imgcarrito/140B.jpg;https://mematalimon.com.ar/imgcarrito/140C.jpg;https://mematalimon.com.ar/imgcarrito/140D.jpg;https://mematalimon.com.ar/imgcarrito/140E.jpg,,Me mata limon,active,166,530
EYYTW95FTD,"Masajeador intimo 8.5cm","Informacion unicamente por WhatsApp

ME MATA LIMON
Estamos en el KM3, Eldorado, Misiones

WhatsApp:
https://wa.me/5493751588753
https://wa.me/5493751588752
https://wa.me/5493757526015
https://wa.me/5493757526109

Nuestro canal en WhatsApp: https://whatsapp.com/channel/0029VbAee6b72WTumItPPh3U
Nuestro Instagram: @accesorioslimonok
Link a nuestra web: https://mematalimon.com.ar",in stock,new,28700 ARS,https://mematalimon.com.ar/producto/141,https://mematalimon.com.ar/imgcarrito/141.jpg,https://mematalimon.com.ar/imgcarrito/141B.jpg;https://mematalimon.com.ar/imgcarrito/141C.jpg;https://mematalimon.com.ar/imgcarrito/141D.jpg;https://mematalimon.com.ar/imgcarrito/141E.jpg,,Me mata limon,active,166,530
K7VFP3CNAR,"Masajeador intimo 10cm","Informacion unicamente por WhatsApp

ME MATA LIMON
Estamos en el KM3, Eldorado, Misiones

WhatsApp:
https://wa.me/5493751588753
https://wa.me/5493751588752
https://wa.me/5493757526015
https://wa.me/5493757526109

Nuestro canal en WhatsApp: https://whatsapp.com/channel/0029VbAee6b72WTumItPPh3U
Nuestro Instagram: @accesorioslimonok
Link a nuestra web: https://mematalimon.com.ar",in stock,new,29400 ARS,https://mematalimon.com.ar/producto/142,https://mematalimon.com.ar/imgcarrito/142.jpg,https://mematalimon.com.ar/imgcarrito/142B.jpg;https://mematalimon.com.ar/imgcarrito/142C.jpg;https://mematalimon.com.ar/imgcarrito/142D.jpg;https://mematalimon.com.ar/imgcarrito/142E.jpg,,Me mata limon,active,166,530
7CNN5FUQY5,"Mate de acero Heizen con bombilla","ME MATA LIMON
Estamos en el KM3, Eldorado, Misiones

WhatsApp:
https://wa.me/5493751588753
https://wa.me/5493751588752
https://wa.me/5493757526015
https://wa.me/5493757526109

Nuestro canal en WhatsApp: https://whatsapp.com/channel/0029VbAee6b72WTumItPPh3U
Nuestro Instagram: @accesorioslimonok
Link a nuestra web: https://mematalimon.com.ar",in stock,new,13800 ARS,https://mematalimon.com.ar/producto/143,https://mematalimon.com.ar/imgcarrito/143.jpg,https://mematalimon.com.ar/imgcarrito/143B.jpg;https://mematalimon.com.ar/imgcarrito/143C.jpg;https://mematalimon.com.ar/imgcarrito/143D.jpg;https://mematalimon.com.ar/imgcarrito/143E.jpg,,Me mata limon,active,166,530
0MB5JMV1NI,"Medias deportivas Supreme","ME MATA LIMON
Estamos en el KM3, Eldorado, Misiones

WhatsApp:
https://wa.me/5493751588753
https://wa.me/5493751588752
https://wa.me/5493757526015
https://wa.me/5493757526109

Nuestro canal en WhatsApp: https://whatsapp.com/channel/0029VbAee6b72WTumItPPh3U
Nuestro Instagram: @accesorioslimonok
Link a nuestra web: https://mematalimon.com.ar",in stock,new,2000 ARS,https://mematalimon.com.ar/producto/144,https://mematalimon.com.ar/imgcarrito/144.jpg,https://mematalimon.com.ar/imgcarrito/144B.jpg;https://mematalimon.com.ar/imgcarrito/144C.jpg;https://mematalimon.com.ar/imgcarrito/144D.jpg;https://mematalimon.com.ar/imgcarrito/144E.jpg,,Me mata limon,active,166,530
M80M51MX3U,"Medias deportivas blanco con rosa","ME MATA LIMON
Estamos en el KM3, Eldorado, Misiones

WhatsApp:
https://wa.me/5493751588753
https://wa.me/5493751588752
https://wa.me/5493757526015
https://wa.me/5493757526109

Nuestro canal en WhatsApp: https://whatsapp.com/channel/0029VbAee6b72WTumItPPh3U
Nuestro Instagram: @accesorioslimonok
Link a nuestra web: https://mematalimon.com.ar",in stock,new,2000 ARS,https://mematalimon.com.ar/producto/145,https://mematalimon.com.ar/imgcarrito/145.jpg,https://mematalimon.com.ar/imgcarrito/145B.jpg;https://mematalimon.com.ar/imgcarrito/145C.jpg;https://mematalimon.com.ar/imgcarrito/145D.jpg;https://mematalimon.com.ar/imgcarrito/145E.jpg,,Me mata limon,active,166,530
T5AQIU0LE9,"Medias deportivas gris","ME MATA LIMON
Estamos en el KM3, Eldorado, Misiones

WhatsApp:
https://wa.me/5493751588753
https://wa.me/5493751588752
https://wa.me/5493757526015
https://wa.me/5493757526109

Nuestro canal en WhatsApp: https://whatsapp.com/channel/0029VbAee6b72WTumItPPh3U
Nuestro Instagram: @accesorioslimonok
Link a nuestra web: https://mematalimon.com.ar",in stock,new,2000 ARS,https://mematalimon.com.ar/producto/146,https://mematalimon.com.ar/imgcarrito/146.jpg,https://mematalimon.com.ar/imgcarrito/146B.jpg;https://mematalimon.com.ar/imgcarrito/146C.jpg;https://mematalimon.com.ar/imgcarrito/146D.jpg;https://mematalimon.com.ar/imgcarrito/146E.jpg,,Me mata limon,active,166,530
SELS4V4UGN,"Medias deportivas lila","ME MATA LIMON
Estamos en el KM3, Eldorado, Misiones

WhatsApp:
https://wa.me/5493751588753
https://wa.me/5493751588752
https://wa.me/5493757526015
https://wa.me/5493757526109

Nuestro canal en WhatsApp: https://whatsapp.com/channel/0029VbAee6b72WTumItPPh3U
Nuestro Instagram: @accesorioslimonok
Link a nuestra web: https://mematalimon.com.ar",in stock,new,2000 ARS,https://mematalimon.com.ar/producto/147,https://mematalimon.com.ar/imgcarrito/147.jpg,https://mematalimon.com.ar/imgcarrito/147B.jpg;https://mematalimon.com.ar/imgcarrito/147C.jpg;https://mematalimon.com.ar/imgcarrito/147D.jpg;https://mematalimon.com.ar/imgcarrito/147E.jpg,,Me mata limon,active,166,530
WST4NQQBJZ,"Medias deportivas rosa","ME MATA LIMON
Estamos en el KM3, Eldorado, Misiones

WhatsApp:
https://wa.me/5493751588753
https://wa.me/5493751588752
https://wa.me/5493757526015
https://wa.me/5493757526109

Nuestro canal en WhatsApp: https://whatsapp.com/channel/0029VbAee6b72WTumItPPh3U
Nuestro Instagram: @accesorioslimonok
Link a nuestra web: https://mematalimon.com.ar",in stock,new,2000 ARS,https://mematalimon.com.ar/producto/148,https://mematalimon.com.ar/imgcarrito/148.jpg,https://mematalimon.com.ar/imgcarrito/148B.jpg;https://mematalimon.com.ar/imgcarrito/148C.jpg;https://mematalimon.com.ar/imgcarrito/148D.jpg;https://mematalimon.com.ar/imgcarrito/148E.jpg,,Me mata limon,active,166,530
J3W3T3NOTD,"Medias deportivas violeta","ME MATA LIMON
Estamos en el KM3, Eldorado, Misiones

WhatsApp:
https://wa.me/5493751588753
https://wa.me/5493751588752
https://wa.me/5493757526015
https://wa.me/5493757526109

Nuestro canal en WhatsApp: https://whatsapp.com/channel/0029VbAee6b72WTumItPPh3U
Nuestro Instagram: @accesorioslimonok
Link a nuestra web: https://mematalimon.com.ar",in stock,new,2000 ARS,https://mematalimon.com.ar/producto/149,https://mematalimon.com.ar/imgcarrito/149.jpg,https://mematalimon.com.ar/imgcarrito/149B.jpg;https://mematalimon.com.ar/imgcarrito/149C.jpg;https://mematalimon.com.ar/imgcarrito/149D.jpg;https://mematalimon.com.ar/imgcarrito/149E.jpg,,Me mata limon,active,166,530
9gxrnjr9bt,"Mouse con cable","ME MATA LIMON
Estamos en el KM3, Eldorado, Misiones

WhatsApp:
https://wa.me/5493751588753
https://wa.me/5493751588752
https://wa.me/5493757526015
https://wa.me/5493757526109

Nuestro canal en WhatsApp: https://whatsapp.com/channel/0029VbAee6b72WTumItPPh3U
Nuestro Instagram: @accesorioslimonok
Link a nuestra web: https://mematalimon.com.ar",in stock,new,4500 ARS,https://mematalimon.com.ar/producto/150,https://mematalimon.com.ar/imgcarrito/150.jpg,https://mematalimon.com.ar/imgcarrito/150B.jpg;https://mematalimon.com.ar/imgcarrito/150C.jpg;https://mematalimon.com.ar/imgcarrito/150D.jpg;https://mematalimon.com.ar/imgcarrito/150E.jpg,,Me mata limon,active,166,530
24Q1CLNIHR,"Mouse gamer RGB con cable","ME MATA LIMON
Estamos en el KM3, Eldorado, Misiones

WhatsApp:
https://wa.me/5493751588753
https://wa.me/5493751588752
https://wa.me/5493757526015
https://wa.me/5493757526109

Nuestro canal en WhatsApp: https://whatsapp.com/channel/0029VbAee6b72WTumItPPh3U
Nuestro Instagram: @accesorioslimonok
Link a nuestra web: https://mematalimon.com.ar",in stock,new,5500 ARS,https://mematalimon.com.ar/producto/151,https://mematalimon.com.ar/imgcarrito/151.jpg,https://mematalimon.com.ar/imgcarrito/151B.jpg;https://mematalimon.com.ar/imgcarrito/151C.jpg;https://mematalimon.com.ar/imgcarrito/151D.jpg;https://mematalimon.com.ar/imgcarrito/151E.jpg,,Me mata limon,active,166,530
DHKX3ADYY4,"Mouse inalambrico bluetooth","Conexion dual: Se puede usar como un inalambrico tradicional con el puerto usb o conectarlo por bluetooth.
Incluye cable de carga

ME MATA LIMON
Estamos en el KM3, Eldorado, Misiones

WhatsApp:
https://wa.me/5493751588753
https://wa.me/5493751588752
https://wa.me/5493757526015
https://wa.me/5493757526109

Nuestro canal en WhatsApp: https://whatsapp.com/channel/0029VbAee6b72WTumItPPh3U
Nuestro Instagram: @accesorioslimonok
Link a nuestra web: https://mematalimon.com.ar",in stock,new,9600 ARS,https://mematalimon.com.ar/producto/152,https://mematalimon.com.ar/imgcarrito/152.jpg,https://mematalimon.com.ar/imgcarrito/152B.jpg;https://mematalimon.com.ar/imgcarrito/152C.jpg;https://mematalimon.com.ar/imgcarrito/152D.jpg;https://mematalimon.com.ar/imgcarrito/152E.jpg,,Me mata limon,active,166,530
SYC3RUMMFG,"Mouse inalambrico plano","Funciona con 2 pilas AAA que no vienen incluidas

ME MATA LIMON
Estamos en el KM3, Eldorado, Misiones

WhatsApp:
https://wa.me/5493751588753
https://wa.me/5493751588752
https://wa.me/5493757526015
https://wa.me/5493757526109

Nuestro canal en WhatsApp: https://whatsapp.com/channel/0029VbAee6b72WTumItPPh3U
Nuestro Instagram: @accesorioslimonok
Link a nuestra web: https://mematalimon.com.ar",in stock,new,7600 ARS,https://mematalimon.com.ar/producto/153,https://mematalimon.com.ar/imgcarrito/153.jpg,https://mematalimon.com.ar/imgcarrito/153B.jpg;https://mematalimon.com.ar/imgcarrito/153C.jpg;https://mematalimon.com.ar/imgcarrito/153D.jpg;https://mematalimon.com.ar/imgcarrito/153E.jpg,,Me mata limon,active,166,530
rpfbj6vg5k,"Navaja de metal Everest Azul","No incluye filos

ME MATA LIMON
Estamos en el KM3, Eldorado, Misiones

WhatsApp:
https://wa.me/5493751588753
https://wa.me/5493751588752
https://wa.me/5493757526015
https://wa.me/5493757526109

Nuestro canal en WhatsApp: https://whatsapp.com/channel/0029VbAee6b72WTumItPPh3U
Nuestro Instagram: @accesorioslimonok
Link a nuestra web: https://mematalimon.com.ar",in stock,new,7200 ARS,https://mematalimon.com.ar/producto/154,https://mematalimon.com.ar/imgcarrito/154.jpg,https://mematalimon.com.ar/imgcarrito/154B.jpg;https://mematalimon.com.ar/imgcarrito/154C.jpg;https://mematalimon.com.ar/imgcarrito/154D.jpg;https://mematalimon.com.ar/imgcarrito/154E.jpg,,Me mata limon,active,166,530
HYSLH6PFIV,"Navaja de metal Everest blanca","No incluye filos

ME MATA LIMON
Estamos en el KM3, Eldorado, Misiones

WhatsApp:
https://wa.me/5493751588753
https://wa.me/5493751588752
https://wa.me/5493757526015
https://wa.me/5493757526109

Nuestro canal en WhatsApp: https://whatsapp.com/channel/0029VbAee6b72WTumItPPh3U
Nuestro Instagram: @accesorioslimonok
Link a nuestra web: https://mematalimon.com.ar",in stock,new,7200 ARS,https://mematalimon.com.ar/producto/155,https://mematalimon.com.ar/imgcarrito/155.jpg,https://mematalimon.com.ar/imgcarrito/155B.jpg;https://mematalimon.com.ar/imgcarrito/155C.jpg;https://mematalimon.com.ar/imgcarrito/155D.jpg;https://mematalimon.com.ar/imgcarrito/155E.jpg,,Me mata limon,active,166,530
B35D6CAGLA,"Navaja de metal Everest roja","ME MATA LIMON
Estamos en el KM3, Eldorado, Misiones

WhatsApp:
https://wa.me/5493751588753
https://wa.me/5493751588752
https://wa.me/5493757526015
https://wa.me/5493757526109

Nuestro canal en WhatsApp: https://whatsapp.com/channel/0029VbAee6b72WTumItPPh3U
Nuestro Instagram: @accesorioslimonok
Link a nuestra web: https://mematalimon.com.ar",in stock,new,7200 ARS,https://mematalimon.com.ar/producto/156,https://mematalimon.com.ar/imgcarrito/156.jpg,https://mematalimon.com.ar/imgcarrito/156B.jpg;https://mematalimon.com.ar/imgcarrito/156C.jpg;https://mematalimon.com.ar/imgcarrito/156D.jpg;https://mematalimon.com.ar/imgcarrito/156E.jpg,,Me mata limon,active,166,530
XJJ21QM2GM,"Navaja clasica","No incluyen filo

ME MATA LIMON
Estamos en el KM3, Eldorado, Misiones

WhatsApp:
https://wa.me/5493751588753
https://wa.me/5493751588752
https://wa.me/5493757526015
https://wa.me/5493757526109

Nuestro canal en WhatsApp: https://whatsapp.com/channel/0029VbAee6b72WTumItPPh3U
Nuestro Instagram: @accesorioslimonok
Link a nuestra web: https://mematalimon.com.ar",in stock,new,4500 ARS,https://mematalimon.com.ar/producto/157,https://mematalimon.com.ar/imgcarrito/157.jpg,https://mematalimon.com.ar/imgcarrito/157B.jpg;https://mematalimon.com.ar/imgcarrito/157C.jpg;https://mematalimon.com.ar/imgcarrito/157D.jpg;https://mematalimon.com.ar/imgcarrito/157E.jpg,,Me mata limon,active,166,530
FPORA816Q0,"Navaja de acero dorada","No incluye filo

ME MATA LIMON
Estamos en el KM3, Eldorado, Misiones

WhatsApp:
https://wa.me/5493751588753
https://wa.me/5493751588752
https://wa.me/5493757526015
https://wa.me/5493757526109

Nuestro canal en WhatsApp: https://whatsapp.com/channel/0029VbAee6b72WTumItPPh3U
Nuestro Instagram: @accesorioslimonok
Link a nuestra web: https://mematalimon.com.ar",in stock,new,8500 ARS,https://mematalimon.com.ar/producto/158,https://mematalimon.com.ar/imgcarrito/158.jpg,https://mematalimon.com.ar/imgcarrito/158B.jpg;https://mematalimon.com.ar/imgcarrito/158C.jpg;https://mematalimon.com.ar/imgcarrito/158D.jpg;https://mematalimon.com.ar/imgcarrito/158E.jpg,,Me mata limon,active,166,530
P8TERY6WTC,"Navaja de acero plateada","No incluye filo

ME MATA LIMON
Estamos en el KM3, Eldorado, Misiones

WhatsApp:
https://wa.me/5493751588753
https://wa.me/5493751588752
https://wa.me/5493757526015
https://wa.me/5493757526109

Nuestro canal en WhatsApp: https://whatsapp.com/channel/0029VbAee6b72WTumItPPh3U
Nuestro Instagram: @accesorioslimonok
Link a nuestra web: https://mematalimon.com.ar",in stock,new,6500 ARS,https://mematalimon.com.ar/producto/159,https://mematalimon.com.ar/imgcarrito/159.jpg,https://mematalimon.com.ar/imgcarrito/159B.jpg;https://mematalimon.com.ar/imgcarrito/159C.jpg;https://mematalimon.com.ar/imgcarrito/159D.jpg;https://mematalimon.com.ar/imgcarrito/159E.jpg,,Me mata limon,active,166,530
UGQZKTE3AP,"Navaja de acero plateada personalizada","Grabale un nombre o una frase

ME MATA LIMON
Estamos en el KM3, Eldorado, Misiones

WhatsApp:
https://wa.me/5493751588753
https://wa.me/5493751588752
https://wa.me/5493757526015
https://wa.me/5493757526109

Nuestro canal en WhatsApp: https://whatsapp.com/channel/0029VbAee6b72WTumItPPh3U
Nuestro Instagram: @accesorioslimonok
Link a nuestra web: https://mematalimon.com.ar",in stock,new,9500 ARS,https://mematalimon.com.ar/producto/160,https://mematalimon.com.ar/imgcarrito/160.jpg,https://mematalimon.com.ar/imgcarrito/160B.jpg;https://mematalimon.com.ar/imgcarrito/160C.jpg;https://mematalimon.com.ar/imgcarrito/160D.jpg;https://mematalimon.com.ar/imgcarrito/160E.jpg,,Me mata limon,active,166,530
ILH805W6Y3,"Navaja Everest diseño madera","No incluye filo

ME MATA LIMON
Estamos en el KM3, Eldorado, Misiones

WhatsApp:
https://wa.me/5493751588753
https://wa.me/5493751588752
https://wa.me/5493757526015
https://wa.me/5493757526109

Nuestro canal en WhatsApp: https://whatsapp.com/channel/0029VbAee6b72WTumItPPh3U
Nuestro Instagram: @accesorioslimonok
Link a nuestra web: https://mematalimon.com.ar",in stock,new,5800 ARS,https://mematalimon.com.ar/producto/161,https://mematalimon.com.ar/imgcarrito/161.jpg,https://mematalimon.com.ar/imgcarrito/161B.jpg;https://mematalimon.com.ar/imgcarrito/161C.jpg;https://mematalimon.com.ar/imgcarrito/161D.jpg;https://mematalimon.com.ar/imgcarrito/161E.jpg,,Me mata limon,active,166,530
BV6QECWHMH,"Navaja barber tri color","No incluye filo

ME MATA LIMON
Estamos en el KM3, Eldorado, Misiones

WhatsApp:
https://wa.me/5493751588753
https://wa.me/5493751588752
https://wa.me/5493757526015
https://wa.me/5493757526109

Nuestro canal en WhatsApp: https://whatsapp.com/channel/0029VbAee6b72WTumItPPh3U
Nuestro Instagram: @accesorioslimonok
Link a nuestra web: https://mematalimon.com.ar",in stock,new,5500 ARS,https://mematalimon.com.ar/producto/162,https://mematalimon.com.ar/imgcarrito/162.jpg,https://mematalimon.com.ar/imgcarrito/162B.jpg;https://mematalimon.com.ar/imgcarrito/162C.jpg;https://mematalimon.com.ar/imgcarrito/162D.jpg;https://mematalimon.com.ar/imgcarrito/162E.jpg,,Me mata limon,active,166,530
M3PVF07NIV,"Pad mouse guerra 30x70cm","ME MATA LIMON
Estamos en el KM3, Eldorado, Misiones

WhatsApp:
https://wa.me/5493751588753
https://wa.me/5493751588752
https://wa.me/5493757526015
https://wa.me/5493757526109

Nuestro canal en WhatsApp: https://whatsapp.com/channel/0029VbAee6b72WTumItPPh3U
Nuestro Instagram: @accesorioslimonok
Link a nuestra web: https://mematalimon.com.ar",in stock,new,9500 ARS,https://mematalimon.com.ar/producto/163,https://mematalimon.com.ar/imgcarrito/163.jpg,https://mematalimon.com.ar/imgcarrito/163B.jpg;https://mematalimon.com.ar/imgcarrito/163C.jpg;https://mematalimon.com.ar/imgcarrito/163D.jpg;https://mematalimon.com.ar/imgcarrito/163E.jpg,,Me mata limon,active,166,530
3E5BDK11D8,"Pad mouse rosa 30x60cm","ME MATA LIMON
Estamos en el KM3, Eldorado, Misiones

WhatsApp:
https://wa.me/5493751588753
https://wa.me/5493751588752
https://wa.me/5493757526015
https://wa.me/5493757526109

Nuestro canal en WhatsApp: https://whatsapp.com/channel/0029VbAee6b72WTumItPPh3U
Nuestro Instagram: @accesorioslimonok
Link a nuestra web: https://mematalimon.com.ar",in stock,new,7000 ARS,https://mematalimon.com.ar/producto/164,https://mematalimon.com.ar/imgcarrito/164.jpg,https://mematalimon.com.ar/imgcarrito/164B.jpg;https://mematalimon.com.ar/imgcarrito/164C.jpg;https://mematalimon.com.ar/imgcarrito/164D.jpg;https://mematalimon.com.ar/imgcarrito/164E.jpg,,Me mata limon,active,166,530
izk0uqtj46,"Pad negro 18x22cm","ME MATA LIMON
Estamos en el KM3, Eldorado, Misiones

WhatsApp:
https://wa.me/5493751588753
https://wa.me/5493751588752
https://wa.me/5493757526015
https://wa.me/5493757526109

Nuestro canal en WhatsApp: https://whatsapp.com/channel/0029VbAee6b72WTumItPPh3U
Nuestro Instagram: @accesorioslimonok
Link a nuestra web: https://mematalimon.com.ar",in stock,new,2000 ARS,https://mematalimon.com.ar/producto/165,https://mematalimon.com.ar/imgcarrito/165.jpg,https://mematalimon.com.ar/imgcarrito/165B.jpg;https://mematalimon.com.ar/imgcarrito/165C.jpg;https://mematalimon.com.ar/imgcarrito/165D.jpg;https://mematalimon.com.ar/imgcarrito/165E.jpg,,Me mata limon,active,166,530
2OGDZK5AGL,"Paraguas chico","ME MATA LIMON
Estamos en el KM3, Eldorado, Misiones

WhatsApp:
https://wa.me/5493751588753
https://wa.me/5493751588752
https://wa.me/5493757526015
https://wa.me/5493757526109

Nuestro canal en WhatsApp: https://whatsapp.com/channel/0029VbAee6b72WTumItPPh3U
Nuestro Instagram: @accesorioslimonok
Link a nuestra web: https://mematalimon.com.ar",in stock,new,7600 ARS,https://mematalimon.com.ar/producto/166,https://mematalimon.com.ar/imgcarrito/166.jpg,https://mematalimon.com.ar/imgcarrito/166B.jpg;https://mematalimon.com.ar/imgcarrito/166C.jpg;https://mematalimon.com.ar/imgcarrito/166D.jpg;https://mematalimon.com.ar/imgcarrito/166E.jpg,,Me mata limon,active,166,530
XNIEXPB1X0,"Parlante bluetooth 3 pulgadas","Puerto USB para pendrive.
Puerto slot para memoria SD
Con radio FM

ME MATA LIMON
Estamos en el KM3, Eldorado, Misiones

WhatsApp:
https://wa.me/5493751588753
https://wa.me/5493751588752
https://wa.me/5493757526015
https://wa.me/5493757526109

Nuestro canal en WhatsApp: https://whatsapp.com/channel/0029VbAee6b72WTumItPPh3U
Nuestro Instagram: @accesorioslimonok
Link a nuestra web: https://mematalimon.com.ar",in stock,new,11500 ARS,https://mematalimon.com.ar/producto/167,https://mematalimon.com.ar/imgcarrito/167.jpg,https://mematalimon.com.ar/imgcarrito/167B.jpg;https://mematalimon.com.ar/imgcarrito/167C.jpg;https://mematalimon.com.ar/imgcarrito/167D.jpg;https://mematalimon.com.ar/imgcarrito/167E.jpg,,Me mata limon,active,166,530
KYLD338E7D,"Patillera recargable dragon","Incluye peines guia, aceite lubricante y cable de carga

ME MATA LIMON
Estamos en el KM3, Eldorado, Misiones

WhatsApp:
https://wa.me/5493751588753
https://wa.me/5493751588752
https://wa.me/5493757526015
https://wa.me/5493757526109

Nuestro canal en WhatsApp: https://whatsapp.com/channel/0029VbAee6b72WTumItPPh3U
Nuestro Instagram: @accesorioslimonok
Link a nuestra web: https://mematalimon.com.ar",in stock,new,10000 ARS,https://mematalimon.com.ar/producto/168,https://mematalimon.com.ar/imgcarrito/168.jpg,https://mematalimon.com.ar/imgcarrito/168B.jpg;https://mematalimon.com.ar/imgcarrito/168C.jpg;https://mematalimon.com.ar/imgcarrito/168D.jpg;https://mematalimon.com.ar/imgcarrito/168E.jpg,,Me mata limon,active,166,530
CDLM7AOYHQ,"Patillera recargable buda","Incluye peines guia, aceite lubricante y cable de carga

ME MATA LIMON
Estamos en el KM3, Eldorado, Misiones

WhatsApp:
https://wa.me/5493751588753
https://wa.me/5493751588752
https://wa.me/5493757526015
https://wa.me/5493757526109

Nuestro canal en WhatsApp: https://whatsapp.com/channel/0029VbAee6b72WTumItPPh3U
Nuestro Instagram: @accesorioslimonok
Link a nuestra web: https://mematalimon.com.ar",in stock,new,10500 ARS,https://mematalimon.com.ar/producto/169,https://mematalimon.com.ar/imgcarrito/169.jpg,https://mematalimon.com.ar/imgcarrito/169B.jpg;https://mematalimon.com.ar/imgcarrito/169C.jpg;https://mematalimon.com.ar/imgcarrito/169D.jpg;https://mematalimon.com.ar/imgcarrito/169E.jpg,,Me mata limon,active,166,530
F43S5DFXN6,"Peine doble de carbon grande","ME MATA LIMON
Estamos en el KM3, Eldorado, Misiones

WhatsApp:
https://wa.me/5493751588753
https://wa.me/5493751588752
https://wa.me/5493757526015
https://wa.me/5493757526109

Nuestro canal en WhatsApp: https://whatsapp.com/channel/0029VbAee6b72WTumItPPh3U
Nuestro Instagram: @accesorioslimonok
Link a nuestra web: https://mematalimon.com.ar",in stock,new,2000 ARS,https://mematalimon.com.ar/producto/170,https://mematalimon.com.ar/imgcarrito/170.jpg,https://mematalimon.com.ar/imgcarrito/170B.jpg;https://mematalimon.com.ar/imgcarrito/170C.jpg;https://mematalimon.com.ar/imgcarrito/170D.jpg;https://mematalimon.com.ar/imgcarrito/170E.jpg,,Me mata limon,active,166,530
L7PN877VJL,"Peine doble de carbon chico","ME MATA LIMON
Estamos en el KM3, Eldorado, Misiones

WhatsApp:
https://wa.me/5493751588753
https://wa.me/5493751588752
https://wa.me/5493757526015
https://wa.me/5493757526109

Nuestro canal en WhatsApp: https://whatsapp.com/channel/0029VbAee6b72WTumItPPh3U
Nuestro Instagram: @accesorioslimonok
Link a nuestra web: https://mematalimon.com.ar",in stock,new,2000 ARS,https://mematalimon.com.ar/producto/171,https://mematalimon.com.ar/imgcarrito/171.jpg,https://mematalimon.com.ar/imgcarrito/171B.jpg;https://mematalimon.com.ar/imgcarrito/171C.jpg;https://mematalimon.com.ar/imgcarrito/171D.jpg;https://mematalimon.com.ar/imgcarrito/171E.jpg,,Me mata limon,active,166,530
45t0bqmbyw,"Peine para mechas","ME MATA LIMON
Estamos en el KM3, Eldorado, Misiones

WhatsApp:
https://wa.me/5493751588753
https://wa.me/5493751588752
https://wa.me/5493757526015
https://wa.me/5493757526109

Nuestro canal en WhatsApp: https://whatsapp.com/channel/0029VbAee6b72WTumItPPh3U
Nuestro Instagram: @accesorioslimonok
Link a nuestra web: https://mematalimon.com.ar",in stock,new,3200 ARS,https://mematalimon.com.ar/producto/172,https://mematalimon.com.ar/imgcarrito/172.jpg,https://mematalimon.com.ar/imgcarrito/172B.jpg;https://mematalimon.com.ar/imgcarrito/172C.jpg;https://mematalimon.com.ar/imgcarrito/172D.jpg;https://mematalimon.com.ar/imgcarrito/172E.jpg,,Me mata limon,active,166,530
JMBFJ8QE7X,"Pack x4 perchas de metal con antideslizante","ME MATA LIMON
Estamos en el KM3, Eldorado, Misiones

WhatsApp:
https://wa.me/5493751588753
https://wa.me/5493751588752
https://wa.me/5493757526015
https://wa.me/5493757526109

Nuestro canal en WhatsApp: https://whatsapp.com/channel/0029VbAee6b72WTumItPPh3U
Nuestro Instagram: @accesorioslimonok
Link a nuestra web: https://mematalimon.com.ar",in stock,new,3800 ARS,https://mematalimon.com.ar/producto/173,https://mematalimon.com.ar/imgcarrito/173.jpg,https://mematalimon.com.ar/imgcarrito/173B.jpg;https://mematalimon.com.ar/imgcarrito/173C.jpg;https://mematalimon.com.ar/imgcarrito/173D.jpg;https://mematalimon.com.ar/imgcarrito/173E.jpg,,Me mata limon,active,166,530
DQO77FCFAC,"Perfilador de cejas, blister x3","ME MATA LIMON
Estamos en el KM3, Eldorado, Misiones

WhatsApp:
https://wa.me/5493751588753
https://wa.me/5493751588752
https://wa.me/5493757526015
https://wa.me/5493757526109

Nuestro canal en WhatsApp: https://whatsapp.com/channel/0029VbAee6b72WTumItPPh3U
Nuestro Instagram: @accesorioslimonok
Link a nuestra web: https://mematalimon.com.ar",in stock,new,2000 ARS,https://mematalimon.com.ar/producto/174,https://mematalimon.com.ar/imgcarrito/174.jpg,https://mematalimon.com.ar/imgcarrito/174B.jpg;https://mematalimon.com.ar/imgcarrito/174C.jpg;https://mematalimon.com.ar/imgcarrito/174D.jpg;https://mematalimon.com.ar/imgcarrito/174E.jpg,,Me mata limon,active,166,530
QSWMJ28BKQ,"Pila AA Energizer por unidad","ME MATA LIMON
Estamos en el KM3, Eldorado, Misiones

WhatsApp:
https://wa.me/5493751588753
https://wa.me/5493751588752
https://wa.me/5493757526015
https://wa.me/5493757526109

Nuestro canal en WhatsApp: https://whatsapp.com/channel/0029VbAee6b72WTumItPPh3U
Nuestro Instagram: @accesorioslimonok
Link a nuestra web: https://mematalimon.com.ar",in stock,new,2000 ARS,https://mematalimon.com.ar/producto/175,https://mematalimon.com.ar/imgcarrito/175.jpg,https://mematalimon.com.ar/imgcarrito/175B.jpg;https://mematalimon.com.ar/imgcarrito/175C.jpg;https://mematalimon.com.ar/imgcarrito/175D.jpg;https://mematalimon.com.ar/imgcarrito/175E.jpg,,Me mata limon,active,166,530
HD7MCB35F2,"Pilas recargables AA 4800mah x4 unidades","ME MATA LIMON
Estamos en el KM3, Eldorado, Misiones

WhatsApp:
https://wa.me/5493751588753
https://wa.me/5493751588752
https://wa.me/5493757526015
https://wa.me/5493757526109

Nuestro canal en WhatsApp: https://whatsapp.com/channel/0029VbAee6b72WTumItPPh3U
Nuestro Instagram: @accesorioslimonok
Link a nuestra web: https://mematalimon.com.ar",in stock,new,8600 ARS,https://mematalimon.com.ar/producto/176,https://mematalimon.com.ar/imgcarrito/176.jpg,https://mematalimon.com.ar/imgcarrito/176B.jpg;https://mematalimon.com.ar/imgcarrito/176C.jpg;https://mematalimon.com.ar/imgcarrito/176D.jpg;https://mematalimon.com.ar/imgcarrito/176E.jpg,,Me mata limon,active,166,530
HH7X8BS5WG,"Pila AA generica por unidad","ME MATA LIMON
Estamos en el KM3, Eldorado, Misiones

WhatsApp:
https://wa.me/5493751588753
https://wa.me/5493751588752
https://wa.me/5493757526015
https://wa.me/5493757526109

Nuestro canal en WhatsApp: https://whatsapp.com/channel/0029VbAee6b72WTumItPPh3U
Nuestro Instagram: @accesorioslimonok
Link a nuestra web: https://mematalimon.com.ar",in stock,new,500 ARS,https://mematalimon.com.ar/producto/177,https://mematalimon.com.ar/imgcarrito/177.jpg,https://mematalimon.com.ar/imgcarrito/177B.jpg;https://mematalimon.com.ar/imgcarrito/177C.jpg;https://mematalimon.com.ar/imgcarrito/177D.jpg;https://mematalimon.com.ar/imgcarrito/177E.jpg,,Me mata limon,active,166,530
NP4I15ZCEU,"Pilas recargables AAA 2800mah x4 unidades","ME MATA LIMON
Estamos en el KM3, Eldorado, Misiones

WhatsApp:
https://wa.me/5493751588753
https://wa.me/5493751588752
https://wa.me/5493757526015
https://wa.me/5493757526109

Nuestro canal en WhatsApp: https://whatsapp.com/channel/0029VbAee6b72WTumItPPh3U
Nuestro Instagram: @accesorioslimonok
Link a nuestra web: https://mematalimon.com.ar",in stock,new,8200 ARS,https://mematalimon.com.ar/producto/178,https://mematalimon.com.ar/imgcarrito/178.jpg,https://mematalimon.com.ar/imgcarrito/178B.jpg;https://mematalimon.com.ar/imgcarrito/178C.jpg;https://mematalimon.com.ar/imgcarrito/178D.jpg;https://mematalimon.com.ar/imgcarrito/178E.jpg,,Me mata limon,active,166,530
AUVRHIHF28,"Pila AAA generica por unidad","ME MATA LIMON
Estamos en el KM3, Eldorado, Misiones

WhatsApp:
https://wa.me/5493751588753
https://wa.me/5493751588752
https://wa.me/5493757526015
https://wa.me/5493757526109

Nuestro canal en WhatsApp: https://whatsapp.com/channel/0029VbAee6b72WTumItPPh3U
Nuestro Instagram: @accesorioslimonok
Link a nuestra web: https://mematalimon.com.ar",in stock,new,500 ARS,https://mematalimon.com.ar/producto/179,https://mematalimon.com.ar/imgcarrito/179.jpg,https://mematalimon.com.ar/imgcarrito/179B.jpg;https://mematalimon.com.ar/imgcarrito/179C.jpg;https://mematalimon.com.ar/imgcarrito/179D.jpg;https://mematalimon.com.ar/imgcarrito/179E.jpg,,Me mata limon,active,166,530
34J9VOIQQL,"Pila AG3 LR41 por unidad","ME MATA LIMON
Estamos en el KM3, Eldorado, Misiones

WhatsApp:
https://wa.me/5493751588753
https://wa.me/5493751588752
https://wa.me/5493757526015
https://wa.me/5493757526109

Nuestro canal en WhatsApp: https://whatsapp.com/channel/0029VbAee6b72WTumItPPh3U
Nuestro Instagram: @accesorioslimonok
Link a nuestra web: https://mematalimon.com.ar",in stock,new,200 ARS,https://mematalimon.com.ar/producto/180,https://mematalimon.com.ar/imgcarrito/180.jpg,https://mematalimon.com.ar/imgcarrito/180B.jpg;https://mematalimon.com.ar/imgcarrito/180C.jpg;https://mematalimon.com.ar/imgcarrito/180D.jpg;https://mematalimon.com.ar/imgcarrito/180E.jpg,,Me mata limon,active,166,530
FC2EWDTWMZ,"Pila alcalina para timbre 12V 23A por unidad","ME MATA LIMON
Estamos en el KM3, Eldorado, Misiones

WhatsApp:
https://wa.me/5493751588753
https://wa.me/5493751588752
https://wa.me/5493757526015
https://wa.me/5493757526109

Nuestro canal en WhatsApp: https://whatsapp.com/channel/0029VbAee6b72WTumItPPh3U
Nuestro Instagram: @accesorioslimonok
Link a nuestra web: https://mematalimon.com.ar",in stock,new,1500 ARS,https://mematalimon.com.ar/producto/181,https://mematalimon.com.ar/imgcarrito/181.jpg,https://mematalimon.com.ar/imgcarrito/181B.jpg;https://mematalimon.com.ar/imgcarrito/181C.jpg;https://mematalimon.com.ar/imgcarrito/181D.jpg;https://mematalimon.com.ar/imgcarrito/181E.jpg,,Me mata limon,active,166,530
WNJUVWMAHC,"Pila boton 2016 por unidad","ME MATA LIMON
Estamos en el KM3, Eldorado, Misiones

WhatsApp:
https://wa.me/5493751588753
https://wa.me/5493751588752
https://wa.me/5493757526015
https://wa.me/5493757526109

Nuestro canal en WhatsApp: https://whatsapp.com/channel/0029VbAee6b72WTumItPPh3U
Nuestro Instagram: @accesorioslimonok
Link a nuestra web: https://mematalimon.com.ar",in stock,new,500 ARS,https://mematalimon.com.ar/producto/182,https://mematalimon.com.ar/imgcarrito/182.jpg,https://mematalimon.com.ar/imgcarrito/182B.jpg;https://mematalimon.com.ar/imgcarrito/182C.jpg;https://mematalimon.com.ar/imgcarrito/182D.jpg;https://mematalimon.com.ar/imgcarrito/182E.jpg,,Me mata limon,active,166,530
VXTWGXQJKQ,"Pila boton 2025 por unidad","ME MATA LIMON
Estamos en el KM3, Eldorado, Misiones

WhatsApp:
https://wa.me/5493751588753
https://wa.me/5493751588752
https://wa.me/5493757526015
https://wa.me/5493757526109

Nuestro canal en WhatsApp: https://whatsapp.com/channel/0029VbAee6b72WTumItPPh3U
Nuestro Instagram: @accesorioslimonok
Link a nuestra web: https://mematalimon.com.ar",in stock,new,500 ARS,https://mematalimon.com.ar/producto/183,https://mematalimon.com.ar/imgcarrito/183.jpg,https://mematalimon.com.ar/imgcarrito/183B.jpg;https://mematalimon.com.ar/imgcarrito/183C.jpg;https://mematalimon.com.ar/imgcarrito/183D.jpg;https://mematalimon.com.ar/imgcarrito/183E.jpg,,Me mata limon,active,166,530
ZA28ZSD0M2,"Pila boton 2032 por unidad","ME MATA LIMON
Estamos en el KM3, Eldorado, Misiones

WhatsApp:
https://wa.me/5493751588753
https://wa.me/5493751588752
https://wa.me/5493757526015
https://wa.me/5493757526109

Nuestro canal en WhatsApp: https://whatsapp.com/channel/0029VbAee6b72WTumItPPh3U
Nuestro Instagram: @accesorioslimonok
Link a nuestra web: https://mematalimon.com.ar",in stock,new,500 ARS,https://mematalimon.com.ar/producto/184,https://mematalimon.com.ar/imgcarrito/184.jpg,https://mematalimon.com.ar/imgcarrito/184B.jpg;https://mematalimon.com.ar/imgcarrito/184C.jpg;https://mematalimon.com.ar/imgcarrito/184D.jpg;https://mematalimon.com.ar/imgcarrito/184E.jpg,,Me mata limon,active,166,530
ML4755ADWG,"Pila AG13 LR44 por unidad","ME MATA LIMON
Estamos en el KM3, Eldorado, Misiones

WhatsApp:
https://wa.me/5493751588753
https://wa.me/5493751588752
https://wa.me/5493757526015
https://wa.me/5493757526109

Nuestro canal en WhatsApp: https://whatsapp.com/channel/0029VbAee6b72WTumItPPh3U
Nuestro Instagram: @accesorioslimonok
Link a nuestra web: https://mematalimon.com.ar",in stock,new,200 ARS,https://mematalimon.com.ar/producto/185,https://mematalimon.com.ar/imgcarrito/185.jpg,https://mematalimon.com.ar/imgcarrito/185B.jpg;https://mematalimon.com.ar/imgcarrito/185C.jpg;https://mematalimon.com.ar/imgcarrito/185D.jpg;https://mematalimon.com.ar/imgcarrito/185E.jpg,,Me mata limon,active,166,530
5MY5ONA7LU,"Pilas recargables AA 2700mah x2 unidades","ME MATA LIMON
Estamos en el KM3, Eldorado, Misiones

WhatsApp:
https://wa.me/5493751588753
https://wa.me/5493751588752
https://wa.me/5493757526015
https://wa.me/5493757526109

Nuestro canal en WhatsApp: https://whatsapp.com/channel/0029VbAee6b72WTumItPPh3U
Nuestro Instagram: @accesorioslimonok
Link a nuestra web: https://mematalimon.com.ar",in stock,new,9500 ARS,https://mematalimon.com.ar/producto/186,https://mematalimon.com.ar/imgcarrito/186.jpg,https://mematalimon.com.ar/imgcarrito/186B.jpg;https://mematalimon.com.ar/imgcarrito/186C.jpg;https://mematalimon.com.ar/imgcarrito/186D.jpg;https://mematalimon.com.ar/imgcarrito/186E.jpg,,Me mata limon,active,166,530
GZS1FC0N27,"Pilas recargables AAA 1800mah x4 unidades","ME MATA LIMON
Estamos en el KM3, Eldorado, Misiones

WhatsApp:
https://wa.me/5493751588753
https://wa.me/5493751588752
https://wa.me/5493757526015
https://wa.me/5493757526109

Nuestro canal en WhatsApp: https://whatsapp.com/channel/0029VbAee6b72WTumItPPh3U
Nuestro Instagram: @accesorioslimonok
Link a nuestra web: https://mematalimon.com.ar",in stock,new,9400 ARS,https://mematalimon.com.ar/producto/187,https://mematalimon.com.ar/imgcarrito/187.jpg,https://mematalimon.com.ar/imgcarrito/187B.jpg;https://mematalimon.com.ar/imgcarrito/187C.jpg;https://mematalimon.com.ar/imgcarrito/187D.jpg;https://mematalimon.com.ar/imgcarrito/187E.jpg,,Me mata limon,active,166,530
M2EWI6SLXM,"Pila recargable 18650 6800mah por unidad","ME MATA LIMON
Estamos en el KM3, Eldorado, Misiones

WhatsApp:
https://wa.me/5493751588753
https://wa.me/5493751588752
https://wa.me/5493757526015
https://wa.me/5493757526109

Nuestro canal en WhatsApp: https://whatsapp.com/channel/0029VbAee6b72WTumItPPh3U
Nuestro Instagram: @accesorioslimonok
Link a nuestra web: https://mematalimon.com.ar",in stock,new,2500 ARS,https://mematalimon.com.ar/producto/188,https://mematalimon.com.ar/imgcarrito/188.jpg,https://mematalimon.com.ar/imgcarrito/188B.jpg;https://mematalimon.com.ar/imgcarrito/188C.jpg;https://mematalimon.com.ar/imgcarrito/188D.jpg;https://mematalimon.com.ar/imgcarrito/188E.jpg,,Me mata limon,active,166,530
8zmrx3faxr,"Placa de sonido USB para PC","ME MATA LIMON
Estamos en el KM3, Eldorado, Misiones

WhatsApp:
https://wa.me/5493751588753
https://wa.me/5493751588752
https://wa.me/5493757526015
https://wa.me/5493757526109

Nuestro canal en WhatsApp: https://whatsapp.com/channel/0029VbAee6b72WTumItPPh3U
Nuestro Instagram: @accesorioslimonok
Link a nuestra web: https://mematalimon.com.ar",in stock,new,3100 ARS,https://mematalimon.com.ar/producto/189,https://mematalimon.com.ar/imgcarrito/189.jpg,https://mematalimon.com.ar/imgcarrito/189B.jpg;https://mematalimon.com.ar/imgcarrito/189C.jpg;https://mematalimon.com.ar/imgcarrito/189D.jpg;https://mematalimon.com.ar/imgcarrito/189E.jpg,,Me mata limon,active,166,530
KG0PU8B4MY,"Planchita de pelo Nano Titanium regulable 250 grados","Placas de nano titanium de mayor rendimiento.
Temperatura regulable hasta 250 grados

ME MATA LIMON
Estamos en el KM3, Eldorado, Misiones

WhatsApp:
https://wa.me/5493751588753
https://wa.me/5493751588752
https://wa.me/5493757526015
https://wa.me/5493757526109

Nuestro canal en WhatsApp: https://whatsapp.com/channel/0029VbAee6b72WTumItPPh3U
Nuestro Instagram: @accesorioslimonok
Link a nuestra web: https://mematalimon.com.ar",in stock,new,30500 ARS,https://mematalimon.com.ar/producto/190,https://mematalimon.com.ar/imgcarrito/190.jpg,https://mematalimon.com.ar/imgcarrito/190B.jpg;https://mematalimon.com.ar/imgcarrito/190C.jpg;https://mematalimon.com.ar/imgcarrito/190D.jpg;https://mematalimon.com.ar/imgcarrito/190E.jpg,,Me mata limon,active,166,530
shjfr0uqym,"Porta rollo para papel de cuello","ME MATA LIMON
Estamos en el KM3, Eldorado, Misiones

WhatsApp:
https://wa.me/5493751588753
https://wa.me/5493751588752
https://wa.me/5493757526015
https://wa.me/5493757526109

Nuestro canal en WhatsApp: https://whatsapp.com/channel/0029VbAee6b72WTumItPPh3U
Nuestro Instagram: @accesorioslimonok
Link a nuestra web: https://mematalimon.com.ar",in stock,new,8400 ARS,https://mematalimon.com.ar/producto/191,https://mematalimon.com.ar/imgcarrito/191.jpg,https://mematalimon.com.ar/imgcarrito/191B.jpg;https://mematalimon.com.ar/imgcarrito/191C.jpg;https://mematalimon.com.ar/imgcarrito/191D.jpg;https://mematalimon.com.ar/imgcarrito/191E.jpg,,Me mata limon,active,166,530
ELDGIEX5OD,"Receptor bluetooth para PC","ME MATA LIMON
Estamos en el KM3, Eldorado, Misiones

WhatsApp:
https://wa.me/5493751588753
https://wa.me/5493751588752
https://wa.me/5493757526015
https://wa.me/5493757526109

Nuestro canal en WhatsApp: https://whatsapp.com/channel/0029VbAee6b72WTumItPPh3U
Nuestro Instagram: @accesorioslimonok
Link a nuestra web: https://mematalimon.com.ar",in stock,new,4600 ARS,https://mematalimon.com.ar/producto/192,https://mematalimon.com.ar/imgcarrito/192.jpg,https://mematalimon.com.ar/imgcarrito/192B.jpg;https://mematalimon.com.ar/imgcarrito/192C.jpg;https://mematalimon.com.ar/imgcarrito/192D.jpg;https://mematalimon.com.ar/imgcarrito/192E.jpg,,Me mata limon,active,166,530
01R6ES9RKP,"Reloj analogico con cadena diseño llave","ME MATA LIMON
Estamos en el KM3, Eldorado, Misiones

WhatsApp:
https://wa.me/5493751588753
https://wa.me/5493751588752
https://wa.me/5493757526015
https://wa.me/5493757526109

Nuestro canal en WhatsApp: https://whatsapp.com/channel/0029VbAee6b72WTumItPPh3U
Nuestro Instagram: @accesorioslimonok
Link a nuestra web: https://mematalimon.com.ar",in stock,new,6000 ARS,https://mematalimon.com.ar/producto/193,https://mematalimon.com.ar/imgcarrito/193.jpg,https://mematalimon.com.ar/imgcarrito/193B.jpg;https://mematalimon.com.ar/imgcarrito/193C.jpg;https://mematalimon.com.ar/imgcarrito/193D.jpg;https://mematalimon.com.ar/imgcarrito/193E.jpg,,Me mata limon,active,166,530
I7WVMAOWU3,"Reloj analogico de cuerina blanco","ME MATA LIMON
Estamos en el KM3, Eldorado, Misiones

WhatsApp:
https://wa.me/5493751588753
https://wa.me/5493751588752
https://wa.me/5493757526015
https://wa.me/5493757526109

Nuestro canal en WhatsApp: https://whatsapp.com/channel/0029VbAee6b72WTumItPPh3U
Nuestro Instagram: @accesorioslimonok
Link a nuestra web: https://mematalimon.com.ar",in stock,new,7600 ARS,https://mematalimon.com.ar/producto/194,https://mematalimon.com.ar/imgcarrito/194.jpg,https://mematalimon.com.ar/imgcarrito/194B.jpg;https://mematalimon.com.ar/imgcarrito/194C.jpg;https://mematalimon.com.ar/imgcarrito/194D.jpg;https://mematalimon.com.ar/imgcarrito/194E.jpg,,Me mata limon,active,166,530
IBV6IADVBH,"Reloj analogico de cuerina rosa","ME MATA LIMON
Estamos en el KM3, Eldorado, Misiones

WhatsApp:
https://wa.me/5493751588753
https://wa.me/5493751588752
https://wa.me/5493757526015
https://wa.me/5493757526109

Nuestro canal en WhatsApp: https://whatsapp.com/channel/0029VbAee6b72WTumItPPh3U
Nuestro Instagram: @accesorioslimonok
Link a nuestra web: https://mematalimon.com.ar",in stock,new,7600 ARS,https://mematalimon.com.ar/producto/195,https://mematalimon.com.ar/imgcarrito/195.jpg,https://mematalimon.com.ar/imgcarrito/195B.jpg;https://mematalimon.com.ar/imgcarrito/195C.jpg;https://mematalimon.com.ar/imgcarrito/195D.jpg;https://mematalimon.com.ar/imgcarrito/195E.jpg,,Me mata limon,active,166,530
NJSSB4K3SV,"Reloj analogico de metal dorado","ME MATA LIMON
Estamos en el KM3, Eldorado, Misiones

WhatsApp:
https://wa.me/5493751588753
https://wa.me/5493751588752
https://wa.me/5493757526015
https://wa.me/5493757526109

Nuestro canal en WhatsApp: https://whatsapp.com/channel/0029VbAee6b72WTumItPPh3U
Nuestro Instagram: @accesorioslimonok
Link a nuestra web: https://mematalimon.com.ar",in stock,new,10500 ARS,https://mematalimon.com.ar/producto/196,https://mematalimon.com.ar/imgcarrito/196.jpg,https://mematalimon.com.ar/imgcarrito/196B.jpg;https://mematalimon.com.ar/imgcarrito/196C.jpg;https://mematalimon.com.ar/imgcarrito/196D.jpg;https://mematalimon.com.ar/imgcarrito/196E.jpg,,Me mata limon,active,166,530
bwicggz3p5,"Reloj digital de metal simil Casio","Tiene luz, cronometro y alarma

ME MATA LIMON
Estamos en el KM3, Eldorado, Misiones

WhatsApp:
https://wa.me/5493751588753
https://wa.me/5493751588752
https://wa.me/5493757526015
https://wa.me/5493757526109

Nuestro canal en WhatsApp: https://whatsapp.com/channel/0029VbAee6b72WTumItPPh3U
Nuestro Instagram: @accesorioslimonok
Link a nuestra web: https://mematalimon.com.ar",in stock,new,7500 ARS,https://mematalimon.com.ar/producto/197,https://mematalimon.com.ar/imgcarrito/197.jpg,https://mematalimon.com.ar/imgcarrito/197B.jpg;https://mematalimon.com.ar/imgcarrito/197C.jpg;https://mematalimon.com.ar/imgcarrito/197D.jpg;https://mematalimon.com.ar/imgcarrito/197E.jpg,,Me mata limon,active,166,530
L3QBC7IV26,"Reloj digital de metal color bronce","Resistente a salpicaduras
Cuenta con luz, cronometro y alarma

ME MATA LIMON
Estamos en el KM3, Eldorado, Misiones

WhatsApp:
https://wa.me/5493751588753
https://wa.me/5493751588752
https://wa.me/5493757526015
https://wa.me/5493757526109

Nuestro canal en WhatsApp: https://whatsapp.com/channel/0029VbAee6b72WTumItPPh3U
Nuestro Instagram: @accesorioslimonok
Link a nuestra web: https://mematalimon.com.ar",in stock,new,12900 ARS,https://mematalimon.com.ar/producto/198,https://mematalimon.com.ar/imgcarrito/198.jpg,https://mematalimon.com.ar/imgcarrito/198B.jpg;https://mematalimon.com.ar/imgcarrito/198C.jpg;https://mematalimon.com.ar/imgcarrito/198D.jpg;https://mematalimon.com.ar/imgcarrito/198E.jpg,,Me mata limon,active,166,530
EDEUQEJ6QK,"Reloj digital deportivo","No es sumergible
Cuenta con luz, cronometro y alarma

ME MATA LIMON
Estamos en el KM3, Eldorado, Misiones

WhatsApp:
https://wa.me/5493751588753
https://wa.me/5493751588752
https://wa.me/5493757526015
https://wa.me/5493757526109

Nuestro canal en WhatsApp: https://whatsapp.com/channel/0029VbAee6b72WTumItPPh3U
Nuestro Instagram: @accesorioslimonok
Link a nuestra web: https://mematalimon.com.ar",in stock,new,8500 ARS,https://mematalimon.com.ar/producto/199,https://mematalimon.com.ar/imgcarrito/199.jpg,https://mematalimon.com.ar/imgcarrito/199B.jpg;https://mematalimon.com.ar/imgcarrito/199C.jpg;https://mematalimon.com.ar/imgcarrito/199D.jpg;https://mematalimon.com.ar/imgcarrito/199E.jpg,,Me mata limon,active,166,530
PLXZR2UCLY,"Reloj digital deportivo sumergible Negro","Con luz, cronometro y alarma

ME MATA LIMON
Estamos en el KM3, Eldorado, Misiones

WhatsApp:
https://wa.me/5493751588753
https://wa.me/5493751588752
https://wa.me/5493757526015
https://wa.me/5493757526109

Nuestro canal en WhatsApp: https://whatsapp.com/channel/0029VbAee6b72WTumItPPh3U
Nuestro Instagram: @accesorioslimonok
Link a nuestra web: https://mematalimon.com.ar",in stock,new,14600 ARS,https://mematalimon.com.ar/producto/200,https://mematalimon.com.ar/imgcarrito/200.jpg,https://mematalimon.com.ar/imgcarrito/200B.jpg;https://mematalimon.com.ar/imgcarrito/200C.jpg;https://mematalimon.com.ar/imgcarrito/200D.jpg;https://mematalimon.com.ar/imgcarrito/200E.jpg,,Me mata limon,active,166,530
XI735V70WD,"Reloj digital deportivo redondo sumergible Verde","ME MATA LIMON
Estamos en el KM3, Eldorado, Misiones

WhatsApp:
https://wa.me/5493751588753
https://wa.me/5493751588752
https://wa.me/5493757526015
https://wa.me/5493757526109

Nuestro canal en WhatsApp: https://whatsapp.com/channel/0029VbAee6b72WTumItPPh3U
Nuestro Instagram: @accesorioslimonok
Link a nuestra web: https://mematalimon.com.ar",in stock,new,14600 ARS,https://mematalimon.com.ar/producto/201,https://mematalimon.com.ar/imgcarrito/201.jpg,https://mematalimon.com.ar/imgcarrito/201B.jpg;https://mematalimon.com.ar/imgcarrito/201C.jpg;https://mematalimon.com.ar/imgcarrito/201D.jpg;https://mematalimon.com.ar/imgcarrito/201E.jpg,,Me mata limon,active,166,530
WRI5QWB9YR,"Reloj digital deportivo redondo sumergible Azul","Tiene luz, cronometro y alarma

ME MATA LIMON
Estamos en el KM3, Eldorado, Misiones

WhatsApp:
https://wa.me/5493751588753
https://wa.me/5493751588752
https://wa.me/5493757526015
https://wa.me/5493757526109

Nuestro canal en WhatsApp: https://whatsapp.com/channel/0029VbAee6b72WTumItPPh3U
Nuestro Instagram: @accesorioslimonok
Link a nuestra web: https://mematalimon.com.ar",in stock,new,14600 ARS,https://mematalimon.com.ar/producto/202,https://mematalimon.com.ar/imgcarrito/202.jpg,https://mematalimon.com.ar/imgcarrito/202B.jpg;https://mematalimon.com.ar/imgcarrito/202C.jpg;https://mematalimon.com.ar/imgcarrito/202D.jpg;https://mematalimon.com.ar/imgcarrito/202E.jpg,,Me mata limon,active,166,530
05QH9SYR13,"Reloj digital deportivo redondo sumergible Blanco","Tiene luz, cronometro y alarma

ME MATA LIMON
Estamos en el KM3, Eldorado, Misiones

WhatsApp:
https://wa.me/5493751588753
https://wa.me/5493751588752
https://wa.me/5493757526015
https://wa.me/5493757526109

Nuestro canal en WhatsApp: https://whatsapp.com/channel/0029VbAee6b72WTumItPPh3U
Nuestro Instagram: @accesorioslimonok
Link a nuestra web: https://mematalimon.com.ar",in stock,new,14600 ARS,https://mematalimon.com.ar/producto/203,https://mematalimon.com.ar/imgcarrito/203.jpg,https://mematalimon.com.ar/imgcarrito/203B.jpg;https://mematalimon.com.ar/imgcarrito/203C.jpg;https://mematalimon.com.ar/imgcarrito/203D.jpg;https://mematalimon.com.ar/imgcarrito/203E.jpg,,Me mata limon,active,166,530
NGTGF5V3BG,"Reloj digital deportivo redondo sumergible Rojo","Tiene luz, cronometro y alarma

ME MATA LIMON
Estamos en el KM3, Eldorado, Misiones

WhatsApp:
https://wa.me/5493751588753
https://wa.me/5493751588752
https://wa.me/5493757526015
https://wa.me/5493757526109

Nuestro canal en WhatsApp: https://whatsapp.com/channel/0029VbAee6b72WTumItPPh3U
Nuestro Instagram: @accesorioslimonok
Link a nuestra web: https://mematalimon.com.ar",in stock,new,14600 ARS,https://mematalimon.com.ar/producto/204,https://mematalimon.com.ar/imgcarrito/204.jpg,https://mematalimon.com.ar/imgcarrito/204B.jpg;https://mematalimon.com.ar/imgcarrito/204C.jpg;https://mematalimon.com.ar/imgcarrito/204D.jpg;https://mematalimon.com.ar/imgcarrito/204E.jpg,,Me mata limon,active,166,530
FVTQJCBOLT,"Reloj digital deportivo redondo sumergible Gris","Tiene luz, cronometro y alarma

ME MATA LIMON
Estamos en el KM3, Eldorado, Misiones

WhatsApp:
https://wa.me/5493751588753
https://wa.me/5493751588752
https://wa.me/5493757526015
https://wa.me/5493757526109

Nuestro canal en WhatsApp: https://whatsapp.com/channel/0029VbAee6b72WTumItPPh3U
Nuestro Instagram: @accesorioslimonok
Link a nuestra web: https://mematalimon.com.ar",in stock,new,14600 ARS,https://mematalimon.com.ar/producto/205,https://mematalimon.com.ar/imgcarrito/205.jpg,https://mematalimon.com.ar/imgcarrito/205B.jpg;https://mematalimon.com.ar/imgcarrito/205C.jpg;https://mematalimon.com.ar/imgcarrito/205D.jpg;https://mematalimon.com.ar/imgcarrito/205E.jpg,,Me mata limon,active,166,530
GTHAPBLDG8,"Reloj digital deportivo sumergible simil Casio","Diseño con letras verdes
Cuenta con luz, cronometro y alarma

ME MATA LIMON
Estamos en el KM3, Eldorado, Misiones

WhatsApp:
https://wa.me/5493751588753
https://wa.me/5493751588752
https://wa.me/5493757526015
https://wa.me/5493757526109

Nuestro canal en WhatsApp: https://whatsapp.com/channel/0029VbAee6b72WTumItPPh3U
Nuestro Instagram: @accesorioslimonok
Link a nuestra web: https://mematalimon.com.ar",in stock,new,14600 ARS,https://mematalimon.com.ar/producto/206,https://mematalimon.com.ar/imgcarrito/206.jpg,https://mematalimon.com.ar/imgcarrito/206B.jpg;https://mematalimon.com.ar/imgcarrito/206C.jpg;https://mematalimon.com.ar/imgcarrito/206D.jpg;https://mematalimon.com.ar/imgcarrito/206E.jpg,,Me mata limon,active,166,530
32cuczmmmg,"Reloj smartwatch M9 rosa","Recibe notificaciones de mensajes y redes sociales
Control de salud, fitness
Camara y musica remota
Clima
Varias funcionas mas

ME MATA LIMON
Estamos en el KM3, Eldorado, Misiones

WhatsApp:
https://wa.me/5493751588753
https://wa.me/5493751588752
https://wa.me/5493757526015
https://wa.me/5493757526109

Nuestro canal en WhatsApp: https://whatsapp.com/channel/0029VbAee6b72WTumItPPh3U
Nuestro Instagram: @accesorioslimonok
Link a nuestra web: https://mematalimon.com.ar",in stock,new,10500 ARS,https://mematalimon.com.ar/producto/207,https://mematalimon.com.ar/imgcarrito/207.jpg,https://mematalimon.com.ar/imgcarrito/207B.jpg;https://mematalimon.com.ar/imgcarrito/207C.jpg;https://mematalimon.com.ar/imgcarrito/207D.jpg;https://mematalimon.com.ar/imgcarrito/207E.jpg,,Me mata limon,active,166,530
WB9GDVT1XK,"Reloj smartwatch tactil T1000 ultra con 7 mallas","Recibe notificaciones de mensajes y redes sociales
Llamadas por bluetooth
Control de salud y fitness
Con cronometro, clima, camara y musica remota
Con calendario
Muchas funciones mas

ME MATA LIMON
Estamos en el KM3, Eldorado, Misiones

WhatsApp:
https://wa.me/5493751588753
https://wa.me/5493751588752
https://wa.me/5493757526015
https://wa.me/5493757526109

Nuestro canal en WhatsApp: https://whatsapp.com/channel/0029VbAee6b72WTumItPPh3U
Nuestro Instagram: @accesorioslimonok
Link a nuestra web: https://mematalimon.com.ar",in stock,new,26000 ARS,https://mematalimon.com.ar/producto/208,https://mematalimon.com.ar/imgcarrito/208.jpg,https://mematalimon.com.ar/imgcarrito/208B.jpg;https://mematalimon.com.ar/imgcarrito/208C.jpg;https://mematalimon.com.ar/imgcarrito/208D.jpg;https://mematalimon.com.ar/imgcarrito/208E.jpg,,Me mata limon,active,166,530
LBOY47WU0Z,"Rociador barber de plastico dorado 300ML","ME MATA LIMON
Estamos en el KM3, Eldorado, Misiones

WhatsApp:
https://wa.me/5493751588753
https://wa.me/5493751588752
https://wa.me/5493757526015
https://wa.me/5493757526109

Nuestro canal en WhatsApp: https://whatsapp.com/channel/0029VbAee6b72WTumItPPh3U
Nuestro Instagram: @accesorioslimonok
Link a nuestra web: https://mematalimon.com.ar",in stock,new,7800 ARS,https://mematalimon.com.ar/producto/209,https://mematalimon.com.ar/imgcarrito/209.jpg,https://mematalimon.com.ar/imgcarrito/209B.jpg;https://mematalimon.com.ar/imgcarrito/209C.jpg;https://mematalimon.com.ar/imgcarrito/209D.jpg;https://mematalimon.com.ar/imgcarrito/209E.jpg,,Me mata limon,active,166,530
PU81D3YLOB,"Rociador de plastica chico diseño herramientas","ME MATA LIMON
Estamos en el KM3, Eldorado, Misiones

WhatsApp:
https://wa.me/5493751588753
https://wa.me/5493751588752
https://wa.me/5493757526015
https://wa.me/5493757526109

Nuestro canal en WhatsApp: https://whatsapp.com/channel/0029VbAee6b72WTumItPPh3U
Nuestro Instagram: @accesorioslimonok
Link a nuestra web: https://mematalimon.com.ar",in stock,new,3200 ARS,https://mematalimon.com.ar/producto/210,https://mematalimon.com.ar/imgcarrito/210.jpg,https://mematalimon.com.ar/imgcarrito/210B.jpg;https://mematalimon.com.ar/imgcarrito/210C.jpg;https://mematalimon.com.ar/imgcarrito/210D.jpg;https://mematalimon.com.ar/imgcarrito/210E.jpg,,Me mata limon,active,166,530
1WGFORUHYQ,"Cajita x20 sahumerios de Canela 17cm","ME MATA LIMON
Estamos en el KM3, Eldorado, Misiones

WhatsApp:
https://wa.me/5493751588753
https://wa.me/5493751588752
https://wa.me/5493757526015
https://wa.me/5493757526109

Nuestro canal en WhatsApp: https://whatsapp.com/channel/0029VbAee6b72WTumItPPh3U
Nuestro Instagram: @accesorioslimonok
Link a nuestra web: https://mematalimon.com.ar",in stock,new,1500 ARS,https://mematalimon.com.ar/producto/211,https://mematalimon.com.ar/imgcarrito/211.jpg,https://mematalimon.com.ar/imgcarrito/211B.jpg;https://mematalimon.com.ar/imgcarrito/211C.jpg;https://mematalimon.com.ar/imgcarrito/211D.jpg;https://mematalimon.com.ar/imgcarrito/211E.jpg,,Me mata limon,active,166,530
J2L4W98M84,"Cajita x10 sahumerios 7 Chakras 32cm","ME MATA LIMON
Estamos en el KM3, Eldorado, Misiones

WhatsApp:
https://wa.me/5493751588753
https://wa.me/5493751588752
https://wa.me/5493757526015
https://wa.me/5493757526109

Nuestro canal en WhatsApp: https://whatsapp.com/channel/0029VbAee6b72WTumItPPh3U
Nuestro Instagram: @accesorioslimonok
Link a nuestra web: https://mematalimon.com.ar",in stock,new,3000 ARS,https://mematalimon.com.ar/producto/212,https://mematalimon.com.ar/imgcarrito/212.jpg,https://mematalimon.com.ar/imgcarrito/212B.jpg;https://mematalimon.com.ar/imgcarrito/212C.jpg;https://mematalimon.com.ar/imgcarrito/212D.jpg;https://mematalimon.com.ar/imgcarrito/212E.jpg,,Me mata limon,active,166,530
TKQRDZEBBG,"Cajita x10 sahumerios de Canela 32cm","ME MATA LIMON
Estamos en el KM3, Eldorado, Misiones

WhatsApp:
https://wa.me/5493751588753
https://wa.me/5493751588752
https://wa.me/5493757526015
https://wa.me/5493757526109

Nuestro canal en WhatsApp: https://whatsapp.com/channel/0029VbAee6b72WTumItPPh3U
Nuestro Instagram: @accesorioslimonok
Link a nuestra web: https://mematalimon.com.ar",in stock,new,3000 ARS,https://mematalimon.com.ar/producto/213,https://mematalimon.com.ar/imgcarrito/213.jpg,https://mematalimon.com.ar/imgcarrito/213B.jpg;https://mematalimon.com.ar/imgcarrito/213C.jpg;https://mematalimon.com.ar/imgcarrito/213D.jpg;https://mematalimon.com.ar/imgcarrito/213E.jpg,,Me mata limon,active,166,530
YSNC6ULJST,"Cajita x10 sahumerios de Incienso 32cm","ME MATA LIMON
Estamos en el KM3, Eldorado, Misiones

WhatsApp:
https://wa.me/5493751588753
https://wa.me/5493751588752
https://wa.me/5493757526015
https://wa.me/5493757526109

Nuestro canal en WhatsApp: https://whatsapp.com/channel/0029VbAee6b72WTumItPPh3U
Nuestro Instagram: @accesorioslimonok
Link a nuestra web: https://mematalimon.com.ar",in stock,new,3000 ARS,https://mematalimon.com.ar/producto/214,https://mematalimon.com.ar/imgcarrito/214.jpg,https://mematalimon.com.ar/imgcarrito/214B.jpg;https://mematalimon.com.ar/imgcarrito/214C.jpg;https://mematalimon.com.ar/imgcarrito/214D.jpg;https://mematalimon.com.ar/imgcarrito/214E.jpg,,Me mata limon,active,166,530
MYEKM63MG7,"Cajita x10 sahumerios de Palo Santo 32cm","ME MATA LIMON
Estamos en el KM3, Eldorado, Misiones

WhatsApp:
https://wa.me/5493751588753
https://wa.me/5493751588752
https://wa.me/5493757526015
https://wa.me/5493757526109

Nuestro canal en WhatsApp: https://whatsapp.com/channel/0029VbAee6b72WTumItPPh3U
Nuestro Instagram: @accesorioslimonok
Link a nuestra web: https://mematalimon.com.ar",in stock,new,3000 ARS,https://mematalimon.com.ar/producto/215,https://mematalimon.com.ar/imgcarrito/215.jpg,https://mematalimon.com.ar/imgcarrito/215B.jpg;https://mematalimon.com.ar/imgcarrito/215C.jpg;https://mematalimon.com.ar/imgcarrito/215D.jpg;https://mematalimon.com.ar/imgcarrito/215E.jpg,,Me mata limon,active,166,530
F8330D4W4L,"Cajita x10 sahumerios de Sandalo 32cm","ME MATA LIMON
Estamos en el KM3, Eldorado, Misiones

WhatsApp:
https://wa.me/5493751588753
https://wa.me/5493751588752
https://wa.me/5493757526015
https://wa.me/5493757526109

Nuestro canal en WhatsApp: https://whatsapp.com/channel/0029VbAee6b72WTumItPPh3U
Nuestro Instagram: @accesorioslimonok
Link a nuestra web: https://mematalimon.com.ar",in stock,new,3000 ARS,https://mematalimon.com.ar/producto/216,https://mematalimon.com.ar/imgcarrito/216.jpg,https://mematalimon.com.ar/imgcarrito/216B.jpg;https://mematalimon.com.ar/imgcarrito/216C.jpg;https://mematalimon.com.ar/imgcarrito/216D.jpg;https://mematalimon.com.ar/imgcarrito/216E.jpg,,Me mata limon,active,166,530
QFM811F20Y,"Set x4 peines guia","Medidas del 1 al 4

ME MATA LIMON
Estamos en el KM3, Eldorado, Misiones

WhatsApp:
https://wa.me/5493751588753
https://wa.me/5493751588752
https://wa.me/5493757526015
https://wa.me/5493757526109

Nuestro canal en WhatsApp: https://whatsapp.com/channel/0029VbAee6b72WTumItPPh3U
Nuestro Instagram: @accesorioslimonok
Link a nuestra web: https://mematalimon.com.ar",in stock,new,5600 ARS,https://mematalimon.com.ar/producto/217,https://mematalimon.com.ar/imgcarrito/217.jpg,https://mematalimon.com.ar/imgcarrito/217B.jpg;https://mematalimon.com.ar/imgcarrito/217C.jpg;https://mematalimon.com.ar/imgcarrito/217D.jpg;https://mematalimon.com.ar/imgcarrito/217E.jpg,,Me mata limon,active,166,530
7R2O0L8GVC,"Set x10 peines para peluqueria","ME MATA LIMON
Estamos en el KM3, Eldorado, Misiones

WhatsApp:
https://wa.me/5493751588753
https://wa.me/5493751588752
https://wa.me/5493757526015
https://wa.me/5493757526109

Nuestro canal en WhatsApp: https://whatsapp.com/channel/0029VbAee6b72WTumItPPh3U
Nuestro Instagram: @accesorioslimonok
Link a nuestra web: https://mematalimon.com.ar",in stock,new,6500 ARS,https://mematalimon.com.ar/producto/218,https://mematalimon.com.ar/imgcarrito/218.jpg,https://mematalimon.com.ar/imgcarrito/218B.jpg;https://mematalimon.com.ar/imgcarrito/218C.jpg;https://mematalimon.com.ar/imgcarrito/218D.jpg;https://mematalimon.com.ar/imgcarrito/218E.jpg,,Me mata limon,active,166,530
60DQLLDQYP,"Set de peluqueria economico","ME MATA LIMON
Estamos en el KM3, Eldorado, Misiones

WhatsApp:
https://wa.me/5493751588753
https://wa.me/5493751588752
https://wa.me/5493757526015
https://wa.me/5493757526109

Nuestro canal en WhatsApp: https://whatsapp.com/channel/0029VbAee6b72WTumItPPh3U
Nuestro Instagram: @accesorioslimonok
Link a nuestra web: https://mematalimon.com.ar",in stock,new,4500 ARS,https://mematalimon.com.ar/producto/219,https://mematalimon.com.ar/imgcarrito/219.jpg,https://mematalimon.com.ar/imgcarrito/219B.jpg;https://mematalimon.com.ar/imgcarrito/219C.jpg;https://mematalimon.com.ar/imgcarrito/219D.jpg;https://mematalimon.com.ar/imgcarrito/219E.jpg,,Me mata limon,active,166,530
1ZFRKRJHF4,"Set con estuche para removedor puntos negros","ME MATA LIMON
Estamos en el KM3, Eldorado, Misiones

WhatsApp:
https://wa.me/5493751588753
https://wa.me/5493751588752
https://wa.me/5493757526015
https://wa.me/5493757526109

Nuestro canal en WhatsApp: https://whatsapp.com/channel/0029VbAee6b72WTumItPPh3U
Nuestro Instagram: @accesorioslimonok
Link a nuestra web: https://mematalimon.com.ar",in stock,new,12500 ARS,https://mematalimon.com.ar/producto/220,https://mematalimon.com.ar/imgcarrito/220.jpg,https://mematalimon.com.ar/imgcarrito/220B.jpg;https://mematalimon.com.ar/imgcarrito/220C.jpg;https://mematalimon.com.ar/imgcarrito/220D.jpg;https://mematalimon.com.ar/imgcarrito/220E.jpg,,Me mata limon,active,166,530
YPO1AUWJBF,"Soporte de TV fijo de 14 a 42 pulgadas","Incluye tornillos para la colocacion

ME MATA LIMON
Estamos en el KM3, Eldorado, Misiones

WhatsApp:
https://wa.me/5493751588753
https://wa.me/5493751588752
https://wa.me/5493757526015
https://wa.me/5493757526109

Nuestro canal en WhatsApp: https://whatsapp.com/channel/0029VbAee6b72WTumItPPh3U
Nuestro Instagram: @accesorioslimonok
Link a nuestra web: https://mematalimon.com.ar",in stock,new,8000 ARS,https://mematalimon.com.ar/producto/221,https://mematalimon.com.ar/imgcarrito/221.jpg,https://mematalimon.com.ar/imgcarrito/221B.jpg;https://mematalimon.com.ar/imgcarrito/221C.jpg;https://mematalimon.com.ar/imgcarrito/221D.jpg;https://mematalimon.com.ar/imgcarrito/221E.jpg,,Me mata limon,active,166,530
Q4OAE2C4KR,"Soporte inteligente con movimiento 360 para celular","Conexion a traves de una app que detecta el rostro y se mueve en tiempo real
Funciona con 3 pilas AA que vienen de regalo

ME MATA LIMON
Estamos en el KM3, Eldorado, Misiones

WhatsApp:
https://wa.me/5493751588753
https://wa.me/5493751588752
https://wa.me/5493757526015
https://wa.me/5493757526109

Nuestro canal en WhatsApp: https://whatsapp.com/channel/0029VbAee6b72WTumItPPh3U
Nuestro Instagram: @accesorioslimonok
Link a nuestra web: https://mematalimon.com.ar",in stock,new,14800 ARS,https://mematalimon.com.ar/producto/222,https://mematalimon.com.ar/imgcarrito/222.jpg,https://mematalimon.com.ar/imgcarrito/222B.jpg;https://mematalimon.com.ar/imgcarrito/222C.jpg;https://mematalimon.com.ar/imgcarrito/222D.jpg;https://mematalimon.com.ar/imgcarrito/222E.jpg,,Me mata limon,active,166,530
1HI65R2K14,"Soporte estuche de celular para moto o bici","Estuche tactil

ME MATA LIMON
Estamos en el KM3, Eldorado, Misiones

WhatsApp:
https://wa.me/5493751588753
https://wa.me/5493751588752
https://wa.me/5493757526015
https://wa.me/5493757526109

Nuestro canal en WhatsApp: https://whatsapp.com/channel/0029VbAee6b72WTumItPPh3U
Nuestro Instagram: @accesorioslimonok
Link a nuestra web: https://mematalimon.com.ar",in stock,new,11200 ARS,https://mematalimon.com.ar/producto/223,https://mematalimon.com.ar/imgcarrito/223.jpg,https://mematalimon.com.ar/imgcarrito/223B.jpg;https://mematalimon.com.ar/imgcarrito/223C.jpg;https://mematalimon.com.ar/imgcarrito/223D.jpg;https://mematalimon.com.ar/imgcarrito/223E.jpg,,Me mata limon,active,166,530
7K318LVIXJ,"Soporte de metal para celular o tablet","ME MATA LIMON
Estamos en el KM3, Eldorado, Misiones

WhatsApp:
https://wa.me/5493751588753
https://wa.me/5493751588752
https://wa.me/5493757526015
https://wa.me/5493757526109

Nuestro canal en WhatsApp: https://whatsapp.com/channel/0029VbAee6b72WTumItPPh3U
Nuestro Instagram: @accesorioslimonok
Link a nuestra web: https://mematalimon.com.ar",in stock,new,3800 ARS,https://mematalimon.com.ar/producto/224,https://mematalimon.com.ar/imgcarrito/224.jpg,https://mematalimon.com.ar/imgcarrito/224B.jpg;https://mematalimon.com.ar/imgcarrito/224C.jpg;https://mematalimon.com.ar/imgcarrito/224D.jpg;https://mematalimon.com.ar/imgcarrito/224E.jpg,,Me mata limon,active,166,530
5YPUJME1LV,"Soporte magnetico para celular","ME MATA LIMON
Estamos en el KM3, Eldorado, Misiones

WhatsApp:
https://wa.me/5493751588753
https://wa.me/5493751588752
https://wa.me/5493757526015
https://wa.me/5493757526109

Nuestro canal en WhatsApp: https://whatsapp.com/channel/0029VbAee6b72WTumItPPh3U
Nuestro Instagram: @accesorioslimonok
Link a nuestra web: https://mematalimon.com.ar",in stock,new,8000 ARS,https://mematalimon.com.ar/producto/225,https://mematalimon.com.ar/imgcarrito/225.jpg,https://mematalimon.com.ar/imgcarrito/225B.jpg;https://mematalimon.com.ar/imgcarrito/225C.jpg;https://mematalimon.com.ar/imgcarrito/225D.jpg;https://mematalimon.com.ar/imgcarrito/225E.jpg,,Me mata limon,active,166,530
Z33M7TZ2OA,"Adaptador splitter HDMI 1 entrada a 2 salidas","Sirve para duplicar la pantalla y que se vea 2 imagenes en 2 dispositivos distintos

ME MATA LIMON
Estamos en el KM3, Eldorado, Misiones

WhatsApp:
https://wa.me/5493751588753
https://wa.me/5493751588752
https://wa.me/5493757526015
https://wa.me/5493757526109

Nuestro canal en WhatsApp: https://whatsapp.com/channel/0029VbAee6b72WTumItPPh3U
Nuestro Instagram: @accesorioslimonok
Link a nuestra web: https://mematalimon.com.ar",in stock,new,10400 ARS,https://mematalimon.com.ar/producto/226,https://mematalimon.com.ar/imgcarrito/226.jpg,https://mematalimon.com.ar/imgcarrito/226B.jpg;https://mematalimon.com.ar/imgcarrito/226C.jpg;https://mematalimon.com.ar/imgcarrito/226D.jpg;https://mematalimon.com.ar/imgcarrito/226E.jpg,,Me mata limon,active,166,530
C5A0JGVYYO,"Kit de teclado + mouse con cable","ME MATA LIMON
Estamos en el KM3, Eldorado, Misiones

WhatsApp:
https://wa.me/5493751588753
https://wa.me/5493751588752
https://wa.me/5493757526015
https://wa.me/5493757526109

Nuestro canal en WhatsApp: https://whatsapp.com/channel/0029VbAee6b72WTumItPPh3U
Nuestro Instagram: @accesorioslimonok
Link a nuestra web: https://mematalimon.com.ar",in stock,new,18500 ARS,https://mematalimon.com.ar/producto/227,https://mematalimon.com.ar/imgcarrito/227.jpg,https://mematalimon.com.ar/imgcarrito/227B.jpg;https://mematalimon.com.ar/imgcarrito/227C.jpg;https://mematalimon.com.ar/imgcarrito/227D.jpg;https://mematalimon.com.ar/imgcarrito/227E.jpg,,Me mata limon,active,166,530
3QM0CPQST0,"Tensiometro digital","Funciona con cable tipoc que ya viene incluido
Tambien puede usarse con pilas AA

ME MATA LIMON
Estamos en el KM3, Eldorado, Misiones

WhatsApp:
https://wa.me/5493751588753
https://wa.me/5493751588752
https://wa.me/5493757526015
https://wa.me/5493757526109

Nuestro canal en WhatsApp: https://whatsapp.com/channel/0029VbAee6b72WTumItPPh3U
Nuestro Instagram: @accesorioslimonok
Link a nuestra web: https://mematalimon.com.ar",in stock,new,31200 ARS,https://mematalimon.com.ar/producto/228,https://mematalimon.com.ar/imgcarrito/228.jpg,https://mematalimon.com.ar/imgcarrito/228B.jpg;https://mematalimon.com.ar/imgcarrito/228C.jpg;https://mematalimon.com.ar/imgcarrito/228D.jpg;https://mematalimon.com.ar/imgcarrito/228E.jpg,,Me mata limon,active,166,530
3TLB8PFSAE,"Termometro digital","ME MATA LIMON
Estamos en el KM3, Eldorado, Misiones

WhatsApp:
https://wa.me/5493751588753
https://wa.me/5493751588752
https://wa.me/5493757526015
https://wa.me/5493757526109

Nuestro canal en WhatsApp: https://whatsapp.com/channel/0029VbAee6b72WTumItPPh3U
Nuestro Instagram: @accesorioslimonok
Link a nuestra web: https://mematalimon.com.ar",in stock,new,4500 ARS,https://mematalimon.com.ar/producto/229,https://mematalimon.com.ar/imgcarrito/229.jpg,https://mematalimon.com.ar/imgcarrito/229B.jpg;https://mematalimon.com.ar/imgcarrito/229C.jpg;https://mematalimon.com.ar/imgcarrito/229D.jpg;https://mematalimon.com.ar/imgcarrito/229E.jpg,,Me mata limon,active,166,530
zg1k86ag86,"Tijera de corte Everest acero negro","ME MATA LIMON
Estamos en el KM3, Eldorado, Misiones

WhatsApp:
https://wa.me/5493751588753
https://wa.me/5493751588752
https://wa.me/5493757526015
https://wa.me/5493757526109

Nuestro canal en WhatsApp: https://whatsapp.com/channel/0029VbAee6b72WTumItPPh3U
Nuestro Instagram: @accesorioslimonok
Link a nuestra web: https://mematalimon.com.ar",in stock,new,13600 ARS,https://mematalimon.com.ar/producto/230,https://mematalimon.com.ar/imgcarrito/230.jpg,https://mematalimon.com.ar/imgcarrito/230B.jpg;https://mematalimon.com.ar/imgcarrito/230C.jpg;https://mematalimon.com.ar/imgcarrito/230D.jpg;https://mematalimon.com.ar/imgcarrito/230E.jpg,,Me mata limon,active,166,530
82IX1JMZSS,"Tijera de corte punto azul","ME MATA LIMON
Estamos en el KM3, Eldorado, Misiones

WhatsApp:
https://wa.me/5493751588753
https://wa.me/5493751588752
https://wa.me/5493757526015
https://wa.me/5493757526109

Nuestro canal en WhatsApp: https://whatsapp.com/channel/0029VbAee6b72WTumItPPh3U
Nuestro Instagram: @accesorioslimonok
Link a nuestra web: https://mematalimon.com.ar",in stock,new,9500 ARS,https://mematalimon.com.ar/producto/231,https://mematalimon.com.ar/imgcarrito/231.jpg,https://mematalimon.com.ar/imgcarrito/231B.jpg;https://mematalimon.com.ar/imgcarrito/231C.jpg;https://mematalimon.com.ar/imgcarrito/231D.jpg;https://mematalimon.com.ar/imgcarrito/231E.jpg,,Me mata limon,active,166,530
W795HW42G6,"Tijera de corte punto azul personalizada","Grabale una frase o tu nombre

ME MATA LIMON
Estamos en el KM3, Eldorado, Misiones

WhatsApp:
https://wa.me/5493751588753
https://wa.me/5493751588752
https://wa.me/5493757526015
https://wa.me/5493757526109

Nuestro canal en WhatsApp: https://whatsapp.com/channel/0029VbAee6b72WTumItPPh3U
Nuestro Instagram: @accesorioslimonok
Link a nuestra web: https://mematalimon.com.ar",in stock,new,12500 ARS,https://mematalimon.com.ar/producto/232,https://mematalimon.com.ar/imgcarrito/232.jpg,https://mematalimon.com.ar/imgcarrito/232B.jpg;https://mematalimon.com.ar/imgcarrito/232C.jpg;https://mematalimon.com.ar/imgcarrito/232D.jpg;https://mematalimon.com.ar/imgcarrito/232E.jpg,,Me mata limon,active,166,530
41ibiz2flw,"Tijera de corte roja","ME MATA LIMON
Estamos en el KM3, Eldorado, Misiones

WhatsApp:
https://wa.me/5493751588753
https://wa.me/5493751588752
https://wa.me/5493757526015
https://wa.me/5493757526109

Nuestro canal en WhatsApp: https://whatsapp.com/channel/0029VbAee6b72WTumItPPh3U
Nuestro Instagram: @accesorioslimonok
Link a nuestra web: https://mematalimon.com.ar",in stock,new,17600 ARS,https://mematalimon.com.ar/producto/233,https://mematalimon.com.ar/imgcarrito/233.jpg,https://mematalimon.com.ar/imgcarrito/233B.jpg;https://mematalimon.com.ar/imgcarrito/233C.jpg;https://mematalimon.com.ar/imgcarrito/233D.jpg;https://mematalimon.com.ar/imgcarrito/233E.jpg,,Me mata limon,active,166,530
PHYOV25D4J,"Tijera de pulir 8 dientes","ME MATA LIMON
Estamos en el KM3, Eldorado, Misiones

WhatsApp:
https://wa.me/5493751588753
https://wa.me/5493751588752
https://wa.me/5493757526015
https://wa.me/5493757526109

Nuestro canal en WhatsApp: https://whatsapp.com/channel/0029VbAee6b72WTumItPPh3U
Nuestro Instagram: @accesorioslimonok
Link a nuestra web: https://mematalimon.com.ar",in stock,new,26600 ARS,https://mematalimon.com.ar/producto/234,https://mematalimon.com.ar/imgcarrito/234.jpg,https://mematalimon.com.ar/imgcarrito/234B.jpg;https://mematalimon.com.ar/imgcarrito/234C.jpg;https://mematalimon.com.ar/imgcarrito/234D.jpg;https://mematalimon.com.ar/imgcarrito/234E.jpg,,Me mata limon,active,166,530
1OHTWRGJ0X,"Timbre inalambrico a pilas Celeste","De 10 a 15 metros de conexion
Funciona a pilas que no vienen incluidas

ME MATA LIMON
Estamos en el KM3, Eldorado, Misiones

WhatsApp:
https://wa.me/5493751588753
https://wa.me/5493751588752
https://wa.me/5493757526015
https://wa.me/5493757526109

Nuestro canal en WhatsApp: https://whatsapp.com/channel/0029VbAee6b72WTumItPPh3U
Nuestro Instagram: @accesorioslimonok
Link a nuestra web: https://mematalimon.com.ar",in stock,new,10500 ARS,https://mematalimon.com.ar/producto/235,https://mematalimon.com.ar/imgcarrito/235.jpg,https://mematalimon.com.ar/imgcarrito/235B.jpg;https://mematalimon.com.ar/imgcarrito/235C.jpg;https://mematalimon.com.ar/imgcarrito/235D.jpg;https://mematalimon.com.ar/imgcarrito/235E.jpg,,Me mata limon,active,166,530
I0X8VAAXVA,"Timbre inalambrico a pilas Violeta","De 10 a 15 metros de conexion
Funciona con pilas que no vienen incluidas

ME MATA LIMON
Estamos en el KM3, Eldorado, Misiones

WhatsApp:
https://wa.me/5493751588753
https://wa.me/5493751588752
https://wa.me/5493757526015
https://wa.me/5493757526109

Nuestro canal en WhatsApp: https://whatsapp.com/channel/0029VbAee6b72WTumItPPh3U
Nuestro Instagram: @accesorioslimonok
Link a nuestra web: https://mematalimon.com.ar",in stock,new,10500 ARS,https://mematalimon.com.ar/producto/236,https://mematalimon.com.ar/imgcarrito/236.jpg,https://mematalimon.com.ar/imgcarrito/236B.jpg;https://mematalimon.com.ar/imgcarrito/236C.jpg;https://mematalimon.com.ar/imgcarrito/236D.jpg;https://mematalimon.com.ar/imgcarrito/236E.jpg,,Me mata limon,active,166,530
H98AGBE6YN,"Tira LED RGB 2835 5mts","Color rojo verde y azul
Viene con fuente

ME MATA LIMON
Estamos en el KM3, Eldorado, Misiones

WhatsApp:
https://wa.me/5493751588753
https://wa.me/5493751588752
https://wa.me/5493757526015
https://wa.me/5493757526109

Nuestro canal en WhatsApp: https://whatsapp.com/channel/0029VbAee6b72WTumItPPh3U
Nuestro Instagram: @accesorioslimonok
Link a nuestra web: https://mematalimon.com.ar",in stock,new,10500 ARS,https://mematalimon.com.ar/producto/237,https://mematalimon.com.ar/imgcarrito/237.jpg,https://mematalimon.com.ar/imgcarrito/237B.jpg;https://mematalimon.com.ar/imgcarrito/237C.jpg;https://mematalimon.com.ar/imgcarrito/237D.jpg;https://mematalimon.com.ar/imgcarrito/237E.jpg,,Me mata limon,active,166,530
LNGNZ60N10,"Tira LED RGB 5050 5mts","Color rojo, verde y azul + blanco, rosa, celeste
Viene con fuente

ME MATA LIMON
Estamos en el KM3, Eldorado, Misiones

WhatsApp:
https://wa.me/5493751588753
https://wa.me/5493751588752
https://wa.me/5493757526015
https://wa.me/5493757526109

Nuestro canal en WhatsApp: https://whatsapp.com/channel/0029VbAee6b72WTumItPPh3U
Nuestro Instagram: @accesorioslimonok
Link a nuestra web: https://mematalimon.com.ar",in stock,new,13500 ARS,https://mematalimon.com.ar/producto/238,https://mematalimon.com.ar/imgcarrito/238.jpg,https://mematalimon.com.ar/imgcarrito/238B.jpg;https://mematalimon.com.ar/imgcarrito/238C.jpg;https://mematalimon.com.ar/imgcarrito/238D.jpg;https://mematalimon.com.ar/imgcarrito/238E.jpg,,Me mata limon,active,166,530
8YIL5JX0AD,"Bandas tiras nasales magneticas x15","Para 15 dias
Ideales para dormir, entrenar o correr

ME MATA LIMON
Estamos en el KM3, Eldorado, Misiones

WhatsApp:
https://wa.me/5493751588753
https://wa.me/5493751588752
https://wa.me/5493757526015
https://wa.me/5493757526109

Nuestro canal en WhatsApp: https://whatsapp.com/channel/0029VbAee6b72WTumItPPh3U
Nuestro Instagram: @accesorioslimonok
Link a nuestra web: https://mematalimon.com.ar",in stock,new,8000 ARS,https://mematalimon.com.ar/producto/239,https://mematalimon.com.ar/imgcarrito/239.jpg,https://mematalimon.com.ar/imgcarrito/239B.jpg;https://mematalimon.com.ar/imgcarrito/239C.jpg;https://mematalimon.com.ar/imgcarrito/239D.jpg;https://mematalimon.com.ar/imgcarrito/239E.jpg,,Me mata limon,active,166,530
esfbol38h0,"Torno de uñas 35000RPM","Diferentes velocidades
Incluye pedal, apoya torno y fresas

ME MATA LIMON
Estamos en el KM3, Eldorado, Misiones

WhatsApp:
https://wa.me/5493751588753
https://wa.me/5493751588752
https://wa.me/5493757526015
https://wa.me/5493757526109

Nuestro canal en WhatsApp: https://whatsapp.com/channel/0029VbAee6b72WTumItPPh3U
Nuestro Instagram: @accesorioslimonok
Link a nuestra web: https://mematalimon.com.ar",in stock,new,61000 ARS,https://mematalimon.com.ar/producto/240,https://mematalimon.com.ar/imgcarrito/240.jpg,https://mematalimon.com.ar/imgcarrito/240B.jpg;https://mematalimon.com.ar/imgcarrito/240C.jpg;https://mematalimon.com.ar/imgcarrito/240D.jpg;https://mematalimon.com.ar/imgcarrito/240E.jpg,,Me mata limon,active,166,530
RZCJO1XUZS,"Tripode para aro de luz 2mts","ME MATA LIMON
Estamos en el KM3, Eldorado, Misiones

WhatsApp:
https://wa.me/5493751588753
https://wa.me/5493751588752
https://wa.me/5493757526015
https://wa.me/5493757526109

Nuestro canal en WhatsApp: https://whatsapp.com/channel/0029VbAee6b72WTumItPPh3U
Nuestro Instagram: @accesorioslimonok
Link a nuestra web: https://mematalimon.com.ar",in stock,new,9000 ARS,https://mematalimon.com.ar/producto/241,https://mematalimon.com.ar/imgcarrito/241.jpg,https://mematalimon.com.ar/imgcarrito/241B.jpg;https://mematalimon.com.ar/imgcarrito/241C.jpg;https://mematalimon.com.ar/imgcarrito/241D.jpg;https://mematalimon.com.ar/imgcarrito/241E.jpg,,Me mata limon,active,166,530
1C7FFQNAG5,"Tv box convertidor de Smart con comando de voz","2GB de RAM
Conexion wifi 2.4 y 5G
No es compatible con aplicaciones que requieran un certificado oficial como DGO
Control con comando de voz

ME MATA LIMON
Estamos en el KM3, Eldorado, Misiones

WhatsApp:
https://wa.me/5493751588753
https://wa.me/5493751588752
https://wa.me/5493757526015
https://wa.me/5493757526109

Nuestro canal en WhatsApp: https://whatsapp.com/channel/0029VbAee6b72WTumItPPh3U
Nuestro Instagram: @accesorioslimonok
Link a nuestra web: https://mematalimon.com.ar",in stock,new,64800 ARS,https://mematalimon.com.ar/producto/242,https://mematalimon.com.ar/imgcarrito/242.jpg,https://mematalimon.com.ar/imgcarrito/242B.jpg;https://mematalimon.com.ar/imgcarrito/242C.jpg;https://mematalimon.com.ar/imgcarrito/242D.jpg;https://mematalimon.com.ar/imgcarrito/242E.jpg,,Me mata limon,active,166,530
8ESAIKF8CK,"Velador giratorio con lunas y estrellas Violeta","ME MATA LIMON
Estamos en el KM3, Eldorado, Misiones

WhatsApp:
https://wa.me/5493751588753
https://wa.me/5493751588752
https://wa.me/5493757526015
https://wa.me/5493757526109

Nuestro canal en WhatsApp: https://whatsapp.com/channel/0029VbAee6b72WTumItPPh3U
Nuestro Instagram: @accesorioslimonok
Link a nuestra web: https://mematalimon.com.ar",in stock,new,10800 ARS,https://mematalimon.com.ar/producto/243,https://mematalimon.com.ar/imgcarrito/243.jpg,https://mematalimon.com.ar/imgcarrito/243B.jpg;https://mematalimon.com.ar/imgcarrito/243C.jpg;https://mematalimon.com.ar/imgcarrito/243D.jpg;https://mematalimon.com.ar/imgcarrito/243E.jpg,,Me mata limon,active,166,530
6TE3UMZR0W,"Vincha para maquillaje o skincare Amarillo","ME MATA LIMON
Estamos en el KM3, Eldorado, Misiones

WhatsApp:
https://wa.me/5493751588753
https://wa.me/5493751588752
https://wa.me/5493757526015
https://wa.me/5493757526109

Nuestro canal en WhatsApp: https://whatsapp.com/channel/0029VbAee6b72WTumItPPh3U
Nuestro Instagram: @accesorioslimonok
Link a nuestra web: https://mematalimon.com.ar",in stock,new,4000 ARS,https://mematalimon.com.ar/producto/244,https://mematalimon.com.ar/imgcarrito/244.jpg,https://mematalimon.com.ar/imgcarrito/244B.jpg;https://mematalimon.com.ar/imgcarrito/244C.jpg;https://mematalimon.com.ar/imgcarrito/244D.jpg;https://mematalimon.com.ar/imgcarrito/244E.jpg,,Me mata limon,active,166,530
0XRVISKS3A,"Vincha para maquillaje o skincare Rojo","ME MATA LIMON
Estamos en el KM3, Eldorado, Misiones

WhatsApp:
https://wa.me/5493751588753
https://wa.me/5493751588752
https://wa.me/5493757526015
https://wa.me/5493757526109

Nuestro canal en WhatsApp: https://whatsapp.com/channel/0029VbAee6b72WTumItPPh3U
Nuestro Instagram: @accesorioslimonok
Link a nuestra web: https://mematalimon.com.ar",in stock,new,4000 ARS,https://mematalimon.com.ar/producto/245,https://mematalimon.com.ar/imgcarrito/245.jpg,https://mematalimon.com.ar/imgcarrito/245B.jpg;https://mematalimon.com.ar/imgcarrito/245C.jpg;https://mematalimon.com.ar/imgcarrito/245D.jpg;https://mematalimon.com.ar/imgcarrito/245E.jpg,,Me mata limon,active,166,530
ME5KE6WEYN,"Vincha para maquillaje o skincare Rosa","ME MATA LIMON
Estamos en el KM3, Eldorado, Misiones

WhatsApp:
https://wa.me/5493751588753
https://wa.me/5493751588752
https://wa.me/5493757526015
https://wa.me/5493757526109

Nuestro canal en WhatsApp: https://whatsapp.com/channel/0029VbAee6b72WTumItPPh3U
Nuestro Instagram: @accesorioslimonok
Link a nuestra web: https://mematalimon.com.ar",in stock,new,4000 ARS,https://mematalimon.com.ar/producto/246,https://mematalimon.com.ar/imgcarrito/246.jpg,https://mematalimon.com.ar/imgcarrito/246B.jpg;https://mematalimon.com.ar/imgcarrito/246C.jpg;https://mematalimon.com.ar/imgcarrito/246D.jpg;https://mematalimon.com.ar/imgcarrito/246E.jpg,,Me mata limon,active,166,530
4KA9MOBI81,"Volante gamer completo 4 en 1","Compatible para PS2, PS3, XBOX y PC
Con palanca de cambios

ME MATA LIMON
Estamos en el KM3, Eldorado, Misiones

WhatsApp:
https://wa.me/5493751588753
https://wa.me/5493751588752
https://wa.me/5493757526015
https://wa.me/5493757526109

Nuestro canal en WhatsApp: https://whatsapp.com/channel/0029VbAee6b72WTumItPPh3U
Nuestro Instagram: @accesorioslimonok
Link a nuestra web: https://mematalimon.com.ar",in stock,new,251100 ARS,https://mematalimon.com.ar/producto/247,https://mematalimon.com.ar/imgcarrito/247.jpg,https://mematalimon.com.ar/imgcarrito/247B.jpg;https://mematalimon.com.ar/imgcarrito/247C.jpg;https://mematalimon.com.ar/imgcarrito/247D.jpg;https://mematalimon.com.ar/imgcarrito/247E.jpg,,Me mata limon,active,166,530
4OAKIO0IPF,"Auricular vincha bluetooth P9 personalizado","Grabale una frase, un nombre o una imagen

ME MATA LIMON
Estamos en el KM3, Eldorado, Misiones

WhatsApp:
https://wa.me/5493751588753
https://wa.me/5493751588752
https://wa.me/5493757526015
https://wa.me/5493757526109

Nuestro canal en WhatsApp: https://whatsapp.com/channel/0029VbAee6b72WTumItPPh3U
Nuestro Instagram: @accesorioslimonok
Link a nuestra web: https://mematalimon.com.ar",in stock,new,17000 ARS,https://mematalimon.com.ar/producto/248,https://mematalimon.com.ar/imgcarrito/248.jpg,https://mematalimon.com.ar/imgcarrito/248B.jpg;https://mematalimon.com.ar/imgcarrito/248C.jpg;https://mematalimon.com.ar/imgcarrito/248D.jpg;https://mematalimon.com.ar/imgcarrito/248E.jpg,,Me mata limon,active,166,530
9W76BI7P6T,"Cabezal Apple TIPOC 20W personalizado","Grabale una frase, nombre o una imagen

ME MATA LIMON
Estamos en el KM3, Eldorado, Misiones

WhatsApp:
https://wa.me/5493751588753
https://wa.me/5493751588752
https://wa.me/5493757526015
https://wa.me/5493757526109

Nuestro canal en WhatsApp: https://whatsapp.com/channel/0029VbAee6b72WTumItPPh3U
Nuestro Instagram: @accesorioslimonok
Link a nuestra web: https://mematalimon.com.ar",in stock,new,13000 ARS,https://mematalimon.com.ar/producto/249,https://mematalimon.com.ar/imgcarrito/249.jpg,https://mematalimon.com.ar/imgcarrito/249B.jpg;https://mematalimon.com.ar/imgcarrito/249C.jpg;https://mematalimon.com.ar/imgcarrito/249D.jpg;https://mematalimon.com.ar/imgcarrito/249E.jpg,,Me mata limon,active,166,530
7G4QCL6IG4,"Cabezal Apple TIPOC 35W personalizado","Grabale una frase, nombre o imagen

ME MATA LIMON
Estamos en el KM3, Eldorado, Misiones

WhatsApp:
https://wa.me/5493751588753
https://wa.me/5493751588752
https://wa.me/5493757526015
https://wa.me/5493757526109

Nuestro canal en WhatsApp: https://whatsapp.com/channel/0029VbAee6b72WTumItPPh3U
Nuestro Instagram: @accesorioslimonok
Link a nuestra web: https://mematalimon.com.ar",in stock,new,16000 ARS,https://mematalimon.com.ar/producto/250,https://mematalimon.com.ar/imgcarrito/250.jpg,https://mematalimon.com.ar/imgcarrito/250B.jpg;https://mematalimon.com.ar/imgcarrito/250C.jpg;https://mematalimon.com.ar/imgcarrito/250D.jpg;https://mematalimon.com.ar/imgcarrito/250E.jpg,,Me mata limon,active,166,530
0QT8QS6T4I,"Cargador completo TIPOC 30W","ME MATA LIMON
Estamos en el KM3, Eldorado, Misiones

WhatsApp:
https://wa.me/5493751588753
https://wa.me/5493751588752
https://wa.me/5493757526015
https://wa.me/5493757526109

Nuestro canal en WhatsApp: https://whatsapp.com/channel/0029VbAee6b72WTumItPPh3U
Nuestro Instagram: @accesorioslimonok
Link a nuestra web: https://mematalimon.com.ar",in stock,new,12200 ARS,https://mematalimon.com.ar/producto/251,https://mematalimon.com.ar/imgcarrito/251.jpg,https://mematalimon.com.ar/imgcarrito/251B.jpg;https://mematalimon.com.ar/imgcarrito/251C.jpg;https://mematalimon.com.ar/imgcarrito/251D.jpg;https://mematalimon.com.ar/imgcarrito/251E.jpg,,Me mata limon,active,166,530
BXCDRGHZ0V,"Cargador completo para iPhone 20W","ME MATA LIMON
Estamos en el KM3, Eldorado, Misiones

WhatsApp:
https://wa.me/5493751588753
https://wa.me/5493751588752
https://wa.me/5493757526015
https://wa.me/5493757526109

Nuestro canal en WhatsApp: https://whatsapp.com/channel/0029VbAee6b72WTumItPPh3U
Nuestro Instagram: @accesorioslimonok
Link a nuestra web: https://mematalimon.com.ar",in stock,new,13000 ARS,https://mematalimon.com.ar/producto/252,https://mematalimon.com.ar/imgcarrito/252.jpg,https://mematalimon.com.ar/imgcarrito/252B.jpg;https://mematalimon.com.ar/imgcarrito/252C.jpg;https://mematalimon.com.ar/imgcarrito/252D.jpg;https://mematalimon.com.ar/imgcarrito/252E.jpg,,Me mata limon,active,166,530
S9STQ0BDV8,"Cargador completo para iPhone 35W","ME MATA LIMON
Estamos en el KM3, Eldorado, Misiones

WhatsApp:
https://wa.me/5493751588753
https://wa.me/5493751588752
https://wa.me/5493757526015
https://wa.me/5493757526109

Nuestro canal en WhatsApp: https://whatsapp.com/channel/0029VbAee6b72WTumItPPh3U
Nuestro Instagram: @accesorioslimonok
Link a nuestra web: https://mematalimon.com.ar",in stock,new,16000 ARS,https://mematalimon.com.ar/producto/253,https://mematalimon.com.ar/imgcarrito/253.jpg,https://mematalimon.com.ar/imgcarrito/253B.jpg;https://mematalimon.com.ar/imgcarrito/253C.jpg;https://mematalimon.com.ar/imgcarrito/253D.jpg;https://mematalimon.com.ar/imgcarrito/253E.jpg,,Me mata limon,active,166,530
RI3VB0FMYM,"Set de tripode 2 mts + aro de luz RGB 12 pulgadas 30cm","Color blanco, calida y neutro + RGB: Azul, rojo, verde, violeta, etc

ME MATA LIMON
Estamos en el KM3, Eldorado, Misiones

WhatsApp:
https://wa.me/5493751588753
https://wa.me/5493751588752
https://wa.me/5493757526015
https://wa.me/5493757526109

Nuestro canal en WhatsApp: https://whatsapp.com/channel/0029VbAee6b72WTumItPPh3U
Nuestro Instagram: @accesorioslimonok
Link a nuestra web: https://mematalimon.com.ar",in stock,new,26600 ARS,https://mematalimon.com.ar/producto/254,https://mematalimon.com.ar/imgcarrito/254.jpg,https://mematalimon.com.ar/imgcarrito/254B.jpg;https://mematalimon.com.ar/imgcarrito/254C.jpg;https://mematalimon.com.ar/imgcarrito/254D.jpg;https://mematalimon.com.ar/imgcarrito/254E.jpg,,Me mata limon,active,166,530
02LUWND9OP,"Cable USB a TIPOC 5A","ME MATA LIMON
Estamos en el KM3, Eldorado, Misiones

WhatsApp:
https://wa.me/5493751588753
https://wa.me/5493751588752
https://wa.me/5493757526015
https://wa.me/5493757526109

Nuestro canal en WhatsApp: https://whatsapp.com/channel/0029VbAee6b72WTumItPPh3U
Nuestro Instagram: @accesorioslimonok
Link a nuestra web: https://mematalimon.com.ar",in stock,new,3000 ARS,https://mematalimon.com.ar/producto/57,https://mematalimon.com.ar/imgcarrito/57.jpg,https://mematalimon.com.ar/imgcarrito/57B.jpg;https://mematalimon.com.ar/imgcarrito/57C.jpg;https://mematalimon.com.ar/imgcarrito/57D.jpg;https://mematalimon.com.ar/imgcarrito/57E.jpg,,Me mata limon,active,166,530
06K6SN2853,"Cargador completo TIME con ficha TIPOC 45W","ME MATA LIMON
Estamos en el KM3, Eldorado, Misiones

WhatsApp:
https://wa.me/5493751588753
https://wa.me/5493751588752
https://wa.me/5493757526015
https://wa.me/5493757526109

Nuestro canal en WhatsApp: https://whatsapp.com/channel/0029VbAee6b72WTumItPPh3U
Nuestro Instagram: @accesorioslimonok
Link a nuestra web: https://mematalimon.com.ar",in stock,new,14000 ARS,https://mematalimon.com.ar/producto/69,https://mematalimon.com.ar/imgcarrito/69.jpg,https://mematalimon.com.ar/imgcarrito/69B.jpg;https://mematalimon.com.ar/imgcarrito/69C.jpg;https://mematalimon.com.ar/imgcarrito/69D.jpg;https://mematalimon.com.ar/imgcarrito/69E.jpg,,Me mata limon,active,166,530
0MUU5OKG69,"Auricular con cable ficha iphone","ME MATA LIMON
Estamos en el KM3, Eldorado, Misiones

WhatsApp:
https://wa.me/5493751588753
https://wa.me/5493751588752
https://wa.me/5493757526015
https://wa.me/5493757526109

Nuestro canal en WhatsApp: https://whatsapp.com/channel/0029VbAee6b72WTumItPPh3U
Nuestro Instagram: @accesorioslimonok
Link a nuestra web: https://mematalimon.com.ar",in stock,new,6500 ARS,https://mematalimon.com.ar/producto/22,https://mematalimon.com.ar/imgcarrito/22.jpg,https://mematalimon.com.ar/imgcarrito/22B.jpg;https://mematalimon.com.ar/imgcarrito/22C.jpg;https://mematalimon.com.ar/imgcarrito/22D.jpg;https://mematalimon.com.ar/imgcarrito/22E.jpg,,Me mata limon,active,166,530
148QYMCY1I,"Alicate/cortauñas con lima para mascotas","ME MATA LIMON
Estamos en el KM3, Eldorado, Misiones

WhatsApp:
https://wa.me/5493751588753
https://wa.me/5493751588752
https://wa.me/5493757526015
https://wa.me/5493757526109

Nuestro canal en WhatsApp: https://whatsapp.com/channel/0029VbAee6b72WTumItPPh3U
Nuestro Instagram: @accesorioslimonok
Link a nuestra web: https://mematalimon.com.ar",in stock,new,4500 ARS,https://mematalimon.com.ar/producto/12,https://mematalimon.com.ar/imgcarrito/12.jpg,https://mematalimon.com.ar/imgcarrito/12B.jpg;https://mematalimon.com.ar/imgcarrito/12C.jpg;https://mematalimon.com.ar/imgcarrito/12D.jpg;https://mematalimon.com.ar/imgcarrito/12E.jpg,,Me mata limon,active,166,530
191S2M2S3Q,"Linterna recargable con picana para defensa personal","ME MATA LIMON
Estamos en el KM3, Eldorado, Misiones

WhatsApp:
https://wa.me/5493751588753
https://wa.me/5493751588752
https://wa.me/5493757526015
https://wa.me/5493757526109

Nuestro canal en WhatsApp: https://whatsapp.com/channel/0029VbAee6b72WTumItPPh3U
Nuestro Instagram: @accesorioslimonok
Link a nuestra web: https://mematalimon.com.ar",in stock,new,17500 ARS,https://mematalimon.com.ar/producto/130,https://mematalimon.com.ar/imgcarrito/130.jpg,https://mematalimon.com.ar/imgcarrito/130B.jpg;https://mematalimon.com.ar/imgcarrito/130C.jpg;https://mematalimon.com.ar/imgcarrito/130D.jpg;https://mematalimon.com.ar/imgcarrito/130E.jpg,,Me mata limon,active,166,530
1D03XMRRK5,"Soporte de celular para rejilla de auto","ME MATA LIMON
Estamos en el KM3, Eldorado, Misiones

WhatsApp:
https://wa.me/5493751588753
https://wa.me/5493751588752
https://wa.me/5493757526015
https://wa.me/5493757526109

Nuestro canal en WhatsApp: https://whatsapp.com/channel/0029VbAee6b72WTumItPPh3U
Nuestro Instagram: @accesorioslimonok
Link a nuestra web: https://mematalimon.com.ar",in stock,new,4500 ARS,https://mematalimon.com.ar/producto/111,https://mematalimon.com.ar/imgcarrito/111.jpg,https://mematalimon.com.ar/imgcarrito/111B.jpg;https://mematalimon.com.ar/imgcarrito/111C.jpg;https://mematalimon.com.ar/imgcarrito/111D.jpg;https://mematalimon.com.ar/imgcarrito/111E.jpg,,Me mata limon,active,166,530
1QBHFMK04X,"Funda y come cable para cargador, Osito marron","ME MATA LIMON
Estamos en el KM3, Eldorado, Misiones

WhatsApp:
https://wa.me/5493751588753
https://wa.me/5493751588752
https://wa.me/5493757526015
https://wa.me/5493757526109

Nuestro canal en WhatsApp: https://whatsapp.com/channel/0029VbAee6b72WTumItPPh3U
Nuestro Instagram: @accesorioslimonok
Link a nuestra web: https://mematalimon.com.ar",in stock,new,4500 ARS,https://mematalimon.com.ar/producto/105,https://mematalimon.com.ar/imgcarrito/105.jpg,https://mematalimon.com.ar/imgcarrito/105B.jpg;https://mematalimon.com.ar/imgcarrito/105C.jpg;https://mematalimon.com.ar/imgcarrito/105D.jpg;https://mematalimon.com.ar/imgcarrito/105E.jpg,,Me mata limon,active,166,530
1X936MYZ2Q,"Chupete con termometro para bebes rosa","ME MATA LIMON
Estamos en el KM3, Eldorado, Misiones

WhatsApp:
https://wa.me/5493751588753
https://wa.me/5493751588752
https://wa.me/5493757526015
https://wa.me/5493757526109

Nuestro canal en WhatsApp: https://whatsapp.com/channel/0029VbAee6b72WTumItPPh3U
Nuestro Instagram: @accesorioslimonok
Link a nuestra web: https://mematalimon.com.ar",in stock,new,5600 ARS,https://mematalimon.com.ar/producto/76,https://mematalimon.com.ar/imgcarrito/76.jpg,https://mematalimon.com.ar/imgcarrito/76B.jpg;https://mematalimon.com.ar/imgcarrito/76C.jpg;https://mematalimon.com.ar/imgcarrito/76D.jpg;https://mematalimon.com.ar/imgcarrito/76E.jpg,,Me mata limon,active,166,530
1ydc1kbfxp,"Lapiz detector de billetes falsos","ME MATA LIMON
Estamos en el KM3, Eldorado, Misiones

WhatsApp:
https://wa.me/5493751588753
https://wa.me/5493751588752
https://wa.me/5493757526015
https://wa.me/5493757526109

Nuestro canal en WhatsApp: https://whatsapp.com/channel/0029VbAee6b72WTumItPPh3U
Nuestro Instagram: @accesorioslimonok
Link a nuestra web: https://mematalimon.com.ar",in stock,new,1200 ARS,https://mematalimon.com.ar/producto/117,https://mematalimon.com.ar/imgcarrito/117.jpg,https://mematalimon.com.ar/imgcarrito/117B.jpg;https://mematalimon.com.ar/imgcarrito/117C.jpg;https://mematalimon.com.ar/imgcarrito/117D.jpg;https://mematalimon.com.ar/imgcarrito/117E.jpg,,Me mata limon,active,166,530
39D9AKB7BZ,"Adaptador OTG de TIPOC a USB","ME MATA LIMON
Estamos en el KM3, Eldorado, Misiones

WhatsApp:
https://wa.me/5493751588753
https://wa.me/5493751588752
https://wa.me/5493757526015
https://wa.me/5493757526109

Nuestro canal en WhatsApp: https://whatsapp.com/channel/0029VbAee6b72WTumItPPh3U
Nuestro Instagram: @accesorioslimonok
Link a nuestra web: https://mematalimon.com.ar",in stock,new,1500 ARS,https://mematalimon.com.ar/producto/8,https://mematalimon.com.ar/imgcarrito/8.jpg,https://mematalimon.com.ar/imgcarrito/8B.jpg;https://mematalimon.com.ar/imgcarrito/8C.jpg;https://mematalimon.com.ar/imgcarrito/8D.jpg;https://mematalimon.com.ar/imgcarrito/8E.jpg,,Me mata limon,active,166,530
3DCK5K06TE,"Balanza gancho 50KG negro","ME MATA LIMON
Estamos en el KM3, Eldorado, Misiones

WhatsApp:
https://wa.me/5493751588753
https://wa.me/5493751588752
https://wa.me/5493757526015
https://wa.me/5493757526109

Nuestro canal en WhatsApp: https://whatsapp.com/channel/0029VbAee6b72WTumItPPh3U
Nuestro Instagram: @accesorioslimonok
Link a nuestra web: https://mematalimon.com.ar",in stock,new,8000 ARS,https://mematalimon.com.ar/producto/36,https://mematalimon.com.ar/imgcarrito/36.jpg,https://mematalimon.com.ar/imgcarrito/36B.jpg;https://mematalimon.com.ar/imgcarrito/36C.jpg;https://mematalimon.com.ar/imgcarrito/36D.jpg;https://mematalimon.com.ar/imgcarrito/36E.jpg,,Me mata limon,active,166,530
3p3ybtzgsx,"Calculadora 12 digitos Kawaii celeste","ME MATA LIMON
Estamos en el KM3, Eldorado, Misiones

WhatsApp:
https://wa.me/5493751588753
https://wa.me/5493751588752
https://wa.me/5493757526015
https://wa.me/5493757526109

Nuestro canal en WhatsApp: https://whatsapp.com/channel/0029VbAee6b72WTumItPPh3U
Nuestro Instagram: @accesorioslimonok
Link a nuestra web: https://mematalimon.com.ar",in stock,new,9000 ARS,https://mematalimon.com.ar/producto/64,https://mematalimon.com.ar/imgcarrito/64.jpg,https://mematalimon.com.ar/imgcarrito/64B.jpg;https://mematalimon.com.ar/imgcarrito/64C.jpg;https://mematalimon.com.ar/imgcarrito/64D.jpg;https://mematalimon.com.ar/imgcarrito/64E.jpg,,Me mata limon,active,166,530
441IKJWXQ0,"Auricular bluetooth A6s","ME MATA LIMON
Estamos en el KM3, Eldorado, Misiones

WhatsApp:
https://wa.me/5493751588753
https://wa.me/5493751588752
https://wa.me/5493757526015
https://wa.me/5493757526109

Nuestro canal en WhatsApp: https://whatsapp.com/channel/0029VbAee6b72WTumItPPh3U
Nuestro Instagram: @accesorioslimonok
Link a nuestra web: https://mematalimon.com.ar",in stock,new,8500 ARS,https://mematalimon.com.ar/producto/24,https://mematalimon.com.ar/imgcarrito/24.jpg,https://mematalimon.com.ar/imgcarrito/24B.jpg;https://mematalimon.com.ar/imgcarrito/24C.jpg;https://mematalimon.com.ar/imgcarrito/24D.jpg;https://mematalimon.com.ar/imgcarrito/24E.jpg,,Me mata limon,active,166,530
4897oce4t0,"Llavero con alarma para defensa personal Verde","ME MATA LIMON
Estamos en el KM3, Eldorado, Misiones

WhatsApp:
https://wa.me/5493751588753
https://wa.me/5493751588752
https://wa.me/5493757526015
https://wa.me/5493757526109

Nuestro canal en WhatsApp: https://whatsapp.com/channel/0029VbAee6b72WTumItPPh3U
Nuestro Instagram: @accesorioslimonok
Link a nuestra web: https://mematalimon.com.ar",in stock,new,9600 ARS,https://mematalimon.com.ar/producto/132,https://mematalimon.com.ar/imgcarrito/132.jpg,https://mematalimon.com.ar/imgcarrito/132B.jpg;https://mematalimon.com.ar/imgcarrito/132C.jpg;https://mematalimon.com.ar/imgcarrito/132D.jpg;https://mematalimon.com.ar/imgcarrito/132E.jpg,,Me mata limon,active,166,530
57I4UIWHOO,"Cargador completo HYTOSHY con ficha TIPOC 168W ","ME MATA LIMON
Estamos en el KM3, Eldorado, Misiones

WhatsApp:
https://wa.me/5493751588753
https://wa.me/5493751588752
https://wa.me/5493757526015
https://wa.me/5493757526109

Nuestro canal en WhatsApp: https://whatsapp.com/channel/0029VbAee6b72WTumItPPh3U
Nuestro Instagram: @accesorioslimonok
Link a nuestra web: https://mematalimon.com.ar",in stock,new,13200 ARS,https://mematalimon.com.ar/producto/68,https://mematalimon.com.ar/imgcarrito/68.jpg,https://mematalimon.com.ar/imgcarrito/68B.jpg;https://mematalimon.com.ar/imgcarrito/68C.jpg;https://mematalimon.com.ar/imgcarrito/68D.jpg;https://mematalimon.com.ar/imgcarrito/68E.jpg,,Me mata limon,active,166,530
5EHRLIAGMH,"Soporte de tv movil 14 a 55 pulgadas","ME MATA LIMON
Estamos en el KM3, Eldorado, Misiones

WhatsApp:
https://wa.me/5493751588753
https://wa.me/5493751588752
https://wa.me/5493757526015
https://wa.me/5493757526109

Nuestro canal en WhatsApp: https://whatsapp.com/channel/0029VbAee6b72WTumItPPh3U
Nuestro Instagram: @accesorioslimonok
Link a nuestra web: https://mematalimon.com.ar",in stock,new,16000 ARS,https://mematalimon.com.ar/producto/4,https://mematalimon.com.ar/imgcarrito/4.jpg,https://mematalimon.com.ar/imgcarrito/4B.jpg;https://mematalimon.com.ar/imgcarrito/4C.jpg;https://mematalimon.com.ar/imgcarrito/4D.jpg;https://mematalimon.com.ar/imgcarrito/4E.jpg,,Me mata limon,active,166,530
5RR42I3O69,"Auricular vincha bluetooth P9 negro","ME MATA LIMON
Estamos en el KM3, Eldorado, Misiones

WhatsApp:
https://wa.me/5493751588753
https://wa.me/5493751588752
https://wa.me/5493757526015
https://wa.me/5493757526109

Nuestro canal en WhatsApp: https://whatsapp.com/channel/0029VbAee6b72WTumItPPh3U
Nuestro Instagram: @accesorioslimonok
Link a nuestra web: https://mematalimon.com.ar",in stock,new,12100 ARS,https://mematalimon.com.ar/producto/33,https://mematalimon.com.ar/imgcarrito/33.jpg,https://mematalimon.com.ar/imgcarrito/33B.jpg;https://mematalimon.com.ar/imgcarrito/33C.jpg;https://mematalimon.com.ar/imgcarrito/33D.jpg;https://mematalimon.com.ar/imgcarrito/33E.jpg,,Me mata limon,active,166,530
61u4dp3bqj,"Cable TIPOC a TIPOC Time 45W","ME MATA LIMON
Estamos en el KM3, Eldorado, Misiones

WhatsApp:
https://wa.me/5493751588753
https://wa.me/5493751588752
https://wa.me/5493757526015
https://wa.me/5493757526109

Nuestro canal en WhatsApp: https://whatsapp.com/channel/0029VbAee6b72WTumItPPh3U
Nuestro Instagram: @accesorioslimonok
Link a nuestra web: https://mematalimon.com.ar",in stock,new,3800 ARS,https://mematalimon.com.ar/producto/53,https://mematalimon.com.ar/imgcarrito/53.jpg,https://mematalimon.com.ar/imgcarrito/53B.jpg;https://mematalimon.com.ar/imgcarrito/53C.jpg;https://mematalimon.com.ar/imgcarrito/53D.jpg;https://mematalimon.com.ar/imgcarrito/53E.jpg,,Me mata limon,active,166,530
627E4HH72P,"Encendedor IBEK por unidad","ME MATA LIMON
Estamos en el KM3, Eldorado, Misiones

WhatsApp:
https://wa.me/5493751588753
https://wa.me/5493751588752
https://wa.me/5493757526015
https://wa.me/5493757526109

Nuestro canal en WhatsApp: https://whatsapp.com/channel/0029VbAee6b72WTumItPPh3U
Nuestro Instagram: @accesorioslimonok
Link a nuestra web: https://mematalimon.com.ar",in stock,new,500 ARS,https://mematalimon.com.ar/producto/90,https://mematalimon.com.ar/imgcarrito/90.jpg,https://mematalimon.com.ar/imgcarrito/90B.jpg;https://mematalimon.com.ar/imgcarrito/90C.jpg;https://mematalimon.com.ar/imgcarrito/90D.jpg;https://mematalimon.com.ar/imgcarrito/90E.jpg,,Me mata limon,active,166,530
6960VHU61I,"Auricular bluetooth E6s con pantalla","ME MATA LIMON
Estamos en el KM3, Eldorado, Misiones

WhatsApp:
https://wa.me/5493751588753
https://wa.me/5493751588752
https://wa.me/5493757526015
https://wa.me/5493757526109

Nuestro canal en WhatsApp: https://whatsapp.com/channel/0029VbAee6b72WTumItPPh3U
Nuestro Instagram: @accesorioslimonok
Link a nuestra web: https://mematalimon.com.ar",in stock,new,10500 ARS,https://mematalimon.com.ar/producto/20,https://mematalimon.com.ar/imgcarrito/20.jpg,https://mematalimon.com.ar/imgcarrito/20B.jpg;https://mematalimon.com.ar/imgcarrito/20C.jpg;https://mematalimon.com.ar/imgcarrito/20D.jpg;https://mematalimon.com.ar/imgcarrito/20E.jpg,,Me mata limon,active,166,530
6IYEVGAZK4,"Lapiz tactil para celular o tablet Plateado","ME MATA LIMON
Estamos en el KM3, Eldorado, Misiones

WhatsApp:
https://wa.me/5493751588753
https://wa.me/5493751588752
https://wa.me/5493757526015
https://wa.me/5493757526109

Nuestro canal en WhatsApp: https://whatsapp.com/channel/0029VbAee6b72WTumItPPh3U
Nuestro Instagram: @accesorioslimonok
Link a nuestra web: https://mematalimon.com.ar",in stock,new,1500 ARS,https://mematalimon.com.ar/producto/123,https://mematalimon.com.ar/imgcarrito/123.jpg,https://mematalimon.com.ar/imgcarrito/123B.jpg;https://mematalimon.com.ar/imgcarrito/123C.jpg;https://mematalimon.com.ar/imgcarrito/123D.jpg;https://mematalimon.com.ar/imgcarrito/123E.jpg,,Me mata limon,active,166,530
6U8RCH384W,"Kit de teclado y mouse gamer RGB","ME MATA LIMON
Estamos en el KM3, Eldorado, Misiones

WhatsApp:
https://wa.me/5493751588753
https://wa.me/5493751588752
https://wa.me/5493757526015
https://wa.me/5493757526109

Nuestro canal en WhatsApp: https://whatsapp.com/channel/0029VbAee6b72WTumItPPh3U
Nuestro Instagram: @accesorioslimonok
Link a nuestra web: https://mematalimon.com.ar",in stock,new,25000 ARS,https://mematalimon.com.ar/producto/116,https://mematalimon.com.ar/imgcarrito/116.jpg,https://mematalimon.com.ar/imgcarrito/116B.jpg;https://mematalimon.com.ar/imgcarrito/116C.jpg;https://mematalimon.com.ar/imgcarrito/116D.jpg;https://mematalimon.com.ar/imgcarrito/116E.jpg,,Me mata limon,active,166,530
6Y728HS8LA,"Cargador completo Dinax con ficha micro USB 5.1A","ME MATA LIMON
Estamos en el KM3, Eldorado, Misiones

WhatsApp:
https://wa.me/5493751588753
https://wa.me/5493751588752
https://wa.me/5493757526015
https://wa.me/5493757526109

Nuestro canal en WhatsApp: https://whatsapp.com/channel/0029VbAee6b72WTumItPPh3U
Nuestro Instagram: @accesorioslimonok
Link a nuestra web: https://mematalimon.com.ar",in stock,new,7000 ARS,https://mematalimon.com.ar/producto/67,https://mematalimon.com.ar/imgcarrito/67.jpg,https://mematalimon.com.ar/imgcarrito/67B.jpg;https://mematalimon.com.ar/imgcarrito/67C.jpg;https://mematalimon.com.ar/imgcarrito/67D.jpg;https://mematalimon.com.ar/imgcarrito/67E.jpg,,Me mata limon,active,166,530
70VYAGQXY4,"Bateria 9V Deleex","ME MATA LIMON
Estamos en el KM3, Eldorado, Misiones

WhatsApp:
https://wa.me/5493751588753
https://wa.me/5493751588752
https://wa.me/5493757526015
https://wa.me/5493757526109

Nuestro canal en WhatsApp: https://whatsapp.com/channel/0029VbAee6b72WTumItPPh3U
Nuestro Instagram: @accesorioslimonok
Link a nuestra web: https://mematalimon.com.ar",in stock,new,2000 ARS,https://mematalimon.com.ar/producto/38,https://mematalimon.com.ar/imgcarrito/38.jpg,https://mematalimon.com.ar/imgcarrito/38B.jpg;https://mematalimon.com.ar/imgcarrito/38C.jpg;https://mematalimon.com.ar/imgcarrito/38D.jpg;https://mematalimon.com.ar/imgcarrito/38E.jpg,,Me mata limon,active,166,530
73UA6GFWFI,"Brocha quitapelos con talquera economica negra","ME MATA LIMON
Estamos en el KM3, Eldorado, Misiones

WhatsApp:
https://wa.me/5493751588753
https://wa.me/5493751588752
https://wa.me/5493757526015
https://wa.me/5493757526109

Nuestro canal en WhatsApp: https://whatsapp.com/channel/0029VbAee6b72WTumItPPh3U
Nuestro Instagram: @accesorioslimonok
Link a nuestra web: https://mematalimon.com.ar",in stock,new,4000 ARS,https://mematalimon.com.ar/producto/39,https://mematalimon.com.ar/imgcarrito/39.jpg,https://mematalimon.com.ar/imgcarrito/39B.jpg;https://mematalimon.com.ar/imgcarrito/39C.jpg;https://mematalimon.com.ar/imgcarrito/39D.jpg;https://mematalimon.com.ar/imgcarrito/39E.jpg,,Me mata limon,active,166,530
7s4qlrur6q,"Conversor de señal de AV a HDMI","ME MATA LIMON
Estamos en el KM3, Eldorado, Misiones

WhatsApp:
https://wa.me/5493751588753
https://wa.me/5493751588752
https://wa.me/5493757526015
https://wa.me/5493757526109

Nuestro canal en WhatsApp: https://whatsapp.com/channel/0029VbAee6b72WTumItPPh3U
Nuestro Instagram: @accesorioslimonok
Link a nuestra web: https://mematalimon.com.ar",in stock,new,10500 ARS,https://mematalimon.com.ar/producto/79,https://mematalimon.com.ar/imgcarrito/79.jpg,https://mematalimon.com.ar/imgcarrito/79B.jpg;https://mematalimon.com.ar/imgcarrito/79C.jpg;https://mematalimon.com.ar/imgcarrito/79D.jpg;https://mematalimon.com.ar/imgcarrito/79E.jpg,,Me mata limon,active,166,530
7SWCIGCYZB,"Encendedor IBEK por unidad azul","ME MATA LIMON
Estamos en el KM3, Eldorado, Misiones

WhatsApp:
https://wa.me/5493751588753
https://wa.me/5493751588752
https://wa.me/5493757526015
https://wa.me/5493757526109

Nuestro canal en WhatsApp: https://whatsapp.com/channel/0029VbAee6b72WTumItPPh3U
Nuestro Instagram: @accesorioslimonok
Link a nuestra web: https://mematalimon.com.ar",in stock,new,500 ARS,https://mematalimon.com.ar/producto/89,https://mematalimon.com.ar/imgcarrito/89.jpg,https://mematalimon.com.ar/imgcarrito/89B.jpg;https://mematalimon.com.ar/imgcarrito/89C.jpg;https://mematalimon.com.ar/imgcarrito/89D.jpg;https://mematalimon.com.ar/imgcarrito/89E.jpg,,Me mata limon,active,166,530
8hm44yd528,"Microfono corbatero inalambrico con ficha TIPOC y iPhone","ME MATA LIMON
Estamos en el KM3, Eldorado, Misiones

WhatsApp:
https://wa.me/5493751588753
https://wa.me/5493751588752
https://wa.me/5493757526015
https://wa.me/5493757526109

Nuestro canal en WhatsApp: https://whatsapp.com/channel/0029VbAee6b72WTumItPPh3U
Nuestro Instagram: @accesorioslimonok
Link a nuestra web: https://mematalimon.com.ar",in stock,new,13000 ARS,https://mematalimon.com.ar/producto/27,https://mematalimon.com.ar/imgcarrito/27.jpg,https://mematalimon.com.ar/imgcarrito/27B.jpg;https://mematalimon.com.ar/imgcarrito/27C.jpg;https://mematalimon.com.ar/imgcarrito/27D.jpg;https://mematalimon.com.ar/imgcarrito/27E.jpg,,Me mata limon,active,166,530
98ZSHEE5Q0,"Balanza gancho 50KG naranja","ME MATA LIMON
Estamos en el KM3, Eldorado, Misiones

WhatsApp:
https://wa.me/5493751588753
https://wa.me/5493751588752
https://wa.me/5493757526015
https://wa.me/5493757526109

Nuestro canal en WhatsApp: https://whatsapp.com/channel/0029VbAee6b72WTumItPPh3U
Nuestro Instagram: @accesorioslimonok
Link a nuestra web: https://mematalimon.com.ar",in stock,new,8000 ARS,https://mematalimon.com.ar/producto/35,https://mematalimon.com.ar/imgcarrito/35.jpg,https://mematalimon.com.ar/imgcarrito/35B.jpg;https://mematalimon.com.ar/imgcarrito/35C.jpg;https://mematalimon.com.ar/imgcarrito/35D.jpg;https://mematalimon.com.ar/imgcarrito/35E.jpg,,Me mata limon,active,166,530
9EAJ7ETFBZ,"Antena wifi usb para PC","ME MATA LIMON
Estamos en el KM3, Eldorado, Misiones

WhatsApp:
https://wa.me/5493751588753
https://wa.me/5493751588752
https://wa.me/5493757526015
https://wa.me/5493757526109

Nuestro canal en WhatsApp: https://whatsapp.com/channel/0029VbAee6b72WTumItPPh3U
Nuestro Instagram: @accesorioslimonok
Link a nuestra web: https://mematalimon.com.ar",in stock,new,6500 ARS,https://mematalimon.com.ar/producto/16,https://mematalimon.com.ar/imgcarrito/16.jpg,https://mematalimon.com.ar/imgcarrito/16B.jpg;https://mematalimon.com.ar/imgcarrito/16C.jpg;https://mematalimon.com.ar/imgcarrito/16D.jpg;https://mematalimon.com.ar/imgcarrito/16E.jpg,,Me mata limon,active,166,530
9mndz62nos,"Cable HDMI 1.5mts","ME MATA LIMON
Estamos en el KM3, Eldorado, Misiones

WhatsApp:
https://wa.me/5493751588753
https://wa.me/5493751588752
https://wa.me/5493757526015
https://wa.me/5493757526109

Nuestro canal en WhatsApp: https://whatsapp.com/channel/0029VbAee6b72WTumItPPh3U
Nuestro Instagram: @accesorioslimonok
Link a nuestra web: https://mematalimon.com.ar",in stock,new,2000 ARS,https://mematalimon.com.ar/producto/49,https://mematalimon.com.ar/imgcarrito/49.jpg,https://mematalimon.com.ar/imgcarrito/49B.jpg;https://mematalimon.com.ar/imgcarrito/49C.jpg;https://mematalimon.com.ar/imgcarrito/49D.jpg;https://mematalimon.com.ar/imgcarrito/49E.jpg,,Me mata limon,active,166,530
9U1JYEM7TE,"Linga candado para bici o moto","ME MATA LIMON
Estamos en el KM3, Eldorado, Misiones

WhatsApp:
https://wa.me/5493751588753
https://wa.me/5493751588752
https://wa.me/5493757526015
https://wa.me/5493757526109

Nuestro canal en WhatsApp: https://whatsapp.com/channel/0029VbAee6b72WTumItPPh3U
Nuestro Instagram: @accesorioslimonok
Link a nuestra web: https://mematalimon.com.ar",in stock,new,14200 ARS,https://mematalimon.com.ar/producto/129,https://mematalimon.com.ar/imgcarrito/129.jpg,https://mematalimon.com.ar/imgcarrito/129B.jpg;https://mematalimon.com.ar/imgcarrito/129C.jpg;https://mematalimon.com.ar/imgcarrito/129D.jpg;https://mematalimon.com.ar/imgcarrito/129E.jpg,,Me mata limon,active,166,530
AWPF0DLW68,"Cabezal USB + TIPOC 5.8A rosa","ME MATA LIMON
Estamos en el KM3, Eldorado, Misiones

WhatsApp:
https://wa.me/5493751588753
https://wa.me/5493751588752
https://wa.me/5493757526015
https://wa.me/5493757526109

Nuestro canal en WhatsApp: https://whatsapp.com/channel/0029VbAee6b72WTumItPPh3U
Nuestro Instagram: @accesorioslimonok
Link a nuestra web: https://mematalimon.com.ar",in stock,new,6000 ARS,https://mematalimon.com.ar/producto/42,https://mematalimon.com.ar/imgcarrito/42.jpg,https://mematalimon.com.ar/imgcarrito/42B.jpg;https://mematalimon.com.ar/imgcarrito/42C.jpg;https://mematalimon.com.ar/imgcarrito/42D.jpg;https://mematalimon.com.ar/imgcarrito/42E.jpg,,Me mata limon,active,166,530
AZOQWDAWNM,"Pad almohadilla reposa muñecas diseño nube celeste","ME MATA LIMON
Estamos en el KM3, Eldorado, Misiones

WhatsApp:
https://wa.me/5493751588753
https://wa.me/5493751588752
https://wa.me/5493757526015
https://wa.me/5493757526109

Nuestro canal en WhatsApp: https://whatsapp.com/channel/0029VbAee6b72WTumItPPh3U
Nuestro Instagram: @accesorioslimonok
Link a nuestra web: https://mematalimon.com.ar",in stock,new,13600 ARS,https://mematalimon.com.ar/producto/15,https://mematalimon.com.ar/imgcarrito/15.jpg,https://mematalimon.com.ar/imgcarrito/15B.jpg;https://mematalimon.com.ar/imgcarrito/15C.jpg;https://mematalimon.com.ar/imgcarrito/15D.jpg;https://mematalimon.com.ar/imgcarrito/15E.jpg,,Me mata limon,active,166,530
B64O1CZF2O,"Funda de neopene para notebook 14 pulgadas","ME MATA LIMON
Estamos en el KM3, Eldorado, Misiones

WhatsApp:
https://wa.me/5493751588753
https://wa.me/5493751588752
https://wa.me/5493757526015
https://wa.me/5493757526109

Nuestro canal en WhatsApp: https://whatsapp.com/channel/0029VbAee6b72WTumItPPh3U
Nuestro Instagram: @accesorioslimonok
Link a nuestra web: https://mematalimon.com.ar",in stock,new,6000 ARS,https://mematalimon.com.ar/producto/99,https://mematalimon.com.ar/imgcarrito/99.jpg,https://mematalimon.com.ar/imgcarrito/99B.jpg;https://mematalimon.com.ar/imgcarrito/99C.jpg;https://mematalimon.com.ar/imgcarrito/99D.jpg;https://mematalimon.com.ar/imgcarrito/99E.jpg,,Me mata limon,active,166,530
BA4ZXBOFJ2,"Funda estuche para auriculares vincha o accesorios","ME MATA LIMON
Estamos en el KM3, Eldorado, Misiones

WhatsApp:
https://wa.me/5493751588753
https://wa.me/5493751588752
https://wa.me/5493757526015
https://wa.me/5493757526109

Nuestro canal en WhatsApp: https://whatsapp.com/channel/0029VbAee6b72WTumItPPh3U
Nuestro Instagram: @accesorioslimonok
Link a nuestra web: https://mematalimon.com.ar",in stock,new,8000 ARS,https://mematalimon.com.ar/producto/108,https://mematalimon.com.ar/imgcarrito/108.jpg,https://mematalimon.com.ar/imgcarrito/108B.jpg;https://mematalimon.com.ar/imgcarrito/108C.jpg;https://mematalimon.com.ar/imgcarrito/108D.jpg;https://mematalimon.com.ar/imgcarrito/108E.jpg,,Me mata limon,active,166,530
BFFQNC3O51,"Encendedor IBEK por unidad verde","ME MATA LIMON
Estamos en el KM3, Eldorado, Misiones

WhatsApp:
https://wa.me/5493751588753
https://wa.me/5493751588752
https://wa.me/5493757526015
https://wa.me/5493757526109

Nuestro canal en WhatsApp: https://whatsapp.com/channel/0029VbAee6b72WTumItPPh3U
Nuestro Instagram: @accesorioslimonok
Link a nuestra web: https://mematalimon.com.ar",in stock,new,500 ARS,https://mematalimon.com.ar/producto/91,https://mematalimon.com.ar/imgcarrito/91.jpg,https://mematalimon.com.ar/imgcarrito/91B.jpg;https://mematalimon.com.ar/imgcarrito/91C.jpg;https://mematalimon.com.ar/imgcarrito/91D.jpg;https://mematalimon.com.ar/imgcarrito/91E.jpg,,Me mata limon,active,166,530
BNEDECHN3U,"Aceite lubricante para maquinas y tijeras","ME MATA LIMON
Estamos en el KM3, Eldorado, Misiones

WhatsApp:
https://wa.me/5493751588753
https://wa.me/5493751588752
https://wa.me/5493757526015
https://wa.me/5493757526109

Nuestro canal en WhatsApp: https://whatsapp.com/channel/0029VbAee6b72WTumItPPh3U
Nuestro Instagram: @accesorioslimonok
Link a nuestra web: https://mematalimon.com.ar",in stock,new,7600 ARS,https://mematalimon.com.ar/producto/5,https://mematalimon.com.ar/imgcarrito/5.jpg,https://mematalimon.com.ar/imgcarrito/5B.jpg;https://mematalimon.com.ar/imgcarrito/5C.jpg;https://mematalimon.com.ar/imgcarrito/5D.jpg;https://mematalimon.com.ar/imgcarrito/5E.jpg,,Me mata limon,active,166,530
BUDZ6CVM2N,"Auricular vincha bluetooth P9 rojo","ME MATA LIMON
Estamos en el KM3, Eldorado, Misiones

WhatsApp:
https://wa.me/5493751588753
https://wa.me/5493751588752
https://wa.me/5493757526015
https://wa.me/5493757526109

Nuestro canal en WhatsApp: https://whatsapp.com/channel/0029VbAee6b72WTumItPPh3U
Nuestro Instagram: @accesorioslimonok
Link a nuestra web: https://mematalimon.com.ar",in stock,new,12100 ARS,https://mematalimon.com.ar/producto/34,https://mematalimon.com.ar/imgcarrito/34.jpg,https://mematalimon.com.ar/imgcarrito/34B.jpg;https://mematalimon.com.ar/imgcarrito/34C.jpg;https://mematalimon.com.ar/imgcarrito/34D.jpg;https://mematalimon.com.ar/imgcarrito/34E.jpg,,Me mata limon,active,166,530
BZ51ACLG4V,"Libro para pintar con lapices de colores, Azul","ME MATA LIMON
Estamos en el KM3, Eldorado, Misiones

WhatsApp:
https://wa.me/5493751588753
https://wa.me/5493751588752
https://wa.me/5493757526015
https://wa.me/5493757526109

Nuestro canal en WhatsApp: https://whatsapp.com/channel/0029VbAee6b72WTumItPPh3U
Nuestro Instagram: @accesorioslimonok
Link a nuestra web: https://mematalimon.com.ar",in stock,new,10200 ARS,https://mematalimon.com.ar/producto/125,https://mematalimon.com.ar/imgcarrito/125.jpg,https://mematalimon.com.ar/imgcarrito/125B.jpg;https://mematalimon.com.ar/imgcarrito/125C.jpg;https://mematalimon.com.ar/imgcarrito/125D.jpg;https://mematalimon.com.ar/imgcarrito/125E.jpg,,Me mata limon,active,166,530
c6mbyayc3z,"Foco giratorio bolichero","ME MATA LIMON
Estamos en el KM3, Eldorado, Misiones

WhatsApp:
https://wa.me/5493751588753
https://wa.me/5493751588752
https://wa.me/5493757526015
https://wa.me/5493757526109

Nuestro canal en WhatsApp: https://whatsapp.com/channel/0029VbAee6b72WTumItPPh3U
Nuestro Instagram: @accesorioslimonok
Link a nuestra web: https://mematalimon.com.ar",in stock,new,3600 ARS,https://mematalimon.com.ar/producto/93,https://mematalimon.com.ar/imgcarrito/93.jpg,https://mematalimon.com.ar/imgcarrito/93B.jpg;https://mematalimon.com.ar/imgcarrito/93C.jpg;https://mematalimon.com.ar/imgcarrito/93D.jpg;https://mematalimon.com.ar/imgcarrito/93E.jpg,,Me mata limon,active,166,530
ccsizbw9sr,"Llavero con alarma para defensa personal Gris","ME MATA LIMON
Estamos en el KM3, Eldorado, Misiones

WhatsApp:
https://wa.me/5493751588753
https://wa.me/5493751588752
https://wa.me/5493757526015
https://wa.me/5493757526109

Nuestro canal en WhatsApp: https://whatsapp.com/channel/0029VbAee6b72WTumItPPh3U
Nuestro Instagram: @accesorioslimonok
Link a nuestra web: https://mematalimon.com.ar",in stock,new,9600 ARS,https://mematalimon.com.ar/producto/131,https://mematalimon.com.ar/imgcarrito/131.jpg,https://mematalimon.com.ar/imgcarrito/131B.jpg;https://mematalimon.com.ar/imgcarrito/131C.jpg;https://mematalimon.com.ar/imgcarrito/131D.jpg;https://mematalimon.com.ar/imgcarrito/131E.jpg,,Me mata limon,active,166,530
CD3BTBDE1H,"Auricular vincha bluetooth P9 azul","ME MATA LIMON
Estamos en el KM3, Eldorado, Misiones

WhatsApp:
https://wa.me/5493751588753
https://wa.me/5493751588752
https://wa.me/5493757526015
https://wa.me/5493757526109

Nuestro canal en WhatsApp: https://whatsapp.com/channel/0029VbAee6b72WTumItPPh3U
Nuestro Instagram: @accesorioslimonok
Link a nuestra web: https://mematalimon.com.ar",in stock,new,12100 ARS,https://mematalimon.com.ar/producto/31,https://mematalimon.com.ar/imgcarrito/31.jpg,https://mematalimon.com.ar/imgcarrito/31B.jpg;https://mematalimon.com.ar/imgcarrito/31C.jpg;https://mematalimon.com.ar/imgcarrito/31D.jpg;https://mematalimon.com.ar/imgcarrito/31E.jpg,,Me mata limon,active,166,530
CH3MPB2DIV,"Auricular con cable ficha TIPOC para iphone 15","ME MATA LIMON
Estamos en el KM3, Eldorado, Misiones

WhatsApp:
https://wa.me/5493751588753
https://wa.me/5493751588752
https://wa.me/5493757526015
https://wa.me/5493757526109

Nuestro canal en WhatsApp: https://whatsapp.com/channel/0029VbAee6b72WTumItPPh3U
Nuestro Instagram: @accesorioslimonok
Link a nuestra web: https://mematalimon.com.ar",in stock,new,3200 ARS,https://mematalimon.com.ar/producto/21,https://mematalimon.com.ar/imgcarrito/21.jpg,https://mematalimon.com.ar/imgcarrito/21B.jpg;https://mematalimon.com.ar/imgcarrito/21C.jpg;https://mematalimon.com.ar/imgcarrito/21D.jpg;https://mematalimon.com.ar/imgcarrito/21E.jpg,,Me mata limon,active,166,530
DCRVZAN4WW,"Brocha quitapelos con talquera plateada","ME MATA LIMON
Estamos en el KM3, Eldorado, Misiones

WhatsApp:
https://wa.me/5493751588753
https://wa.me/5493751588752
https://wa.me/5493757526015
https://wa.me/5493757526109

Nuestro canal en WhatsApp: https://whatsapp.com/channel/0029VbAee6b72WTumItPPh3U
Nuestro Instagram: @accesorioslimonok
Link a nuestra web: https://mematalimon.com.ar",in stock,new,7000 ARS,https://mematalimon.com.ar/producto/40,https://mematalimon.com.ar/imgcarrito/40.jpg,https://mematalimon.com.ar/imgcarrito/40B.jpg;https://mematalimon.com.ar/imgcarrito/40C.jpg;https://mematalimon.com.ar/imgcarrito/40D.jpg;https://mematalimon.com.ar/imgcarrito/40E.jpg,,Me mata limon,active,166,530
DKJ9YA2XFJ,"Cabezal USB + TIPOC 5.8A violeta","ME MATA LIMON
Estamos en el KM3, Eldorado, Misiones

WhatsApp:
https://wa.me/5493751588753
https://wa.me/5493751588752
https://wa.me/5493757526015
https://wa.me/5493757526109

Nuestro canal en WhatsApp: https://whatsapp.com/channel/0029VbAee6b72WTumItPPh3U
Nuestro Instagram: @accesorioslimonok
Link a nuestra web: https://mematalimon.com.ar",in stock,new,6000 ARS,https://mematalimon.com.ar/producto/43,https://mematalimon.com.ar/imgcarrito/43.jpg,https://mematalimon.com.ar/imgcarrito/43B.jpg;https://mematalimon.com.ar/imgcarrito/43C.jpg;https://mematalimon.com.ar/imgcarrito/43D.jpg;https://mematalimon.com.ar/imgcarrito/43E.jpg,,Me mata limon,active,166,530
E2Y4R9UFAS,"Cable HDMI mallado 3mts","ME MATA LIMON
Estamos en el KM3, Eldorado, Misiones

WhatsApp:
https://wa.me/5493751588753
https://wa.me/5493751588752
https://wa.me/5493757526015
https://wa.me/5493757526109

Nuestro canal en WhatsApp: https://whatsapp.com/channel/0029VbAee6b72WTumItPPh3U
Nuestro Instagram: @accesorioslimonok
Link a nuestra web: https://mematalimon.com.ar",in stock,new,5200 ARS,https://mematalimon.com.ar/producto/50,https://mematalimon.com.ar/imgcarrito/50.jpg,https://mematalimon.com.ar/imgcarrito/50B.jpg;https://mematalimon.com.ar/imgcarrito/50C.jpg;https://mematalimon.com.ar/imgcarrito/50D.jpg;https://mematalimon.com.ar/imgcarrito/50E.jpg,,Me mata limon,active,166,530
EF8I99NNUK,"Calculadora cientifica","ME MATA LIMON
Estamos en el KM3, Eldorado, Misiones

WhatsApp:
https://wa.me/5493751588753
https://wa.me/5493751588752
https://wa.me/5493757526015
https://wa.me/5493757526109

Nuestro canal en WhatsApp: https://whatsapp.com/channel/0029VbAee6b72WTumItPPh3U
Nuestro Instagram: @accesorioslimonok
Link a nuestra web: https://mematalimon.com.ar",in stock,new,6000 ARS,https://mematalimon.com.ar/producto/65,https://mematalimon.com.ar/imgcarrito/65.jpg,https://mematalimon.com.ar/imgcarrito/65B.jpg;https://mematalimon.com.ar/imgcarrito/65C.jpg;https://mematalimon.com.ar/imgcarrito/65D.jpg;https://mematalimon.com.ar/imgcarrito/65E.jpg,,Me mata limon,active,166,530
ET6RS9FLR5,"Alicate/cortauñas por unidad","ME MATA LIMON
Estamos en el KM3, Eldorado, Misiones

WhatsApp:
https://wa.me/5493751588753
https://wa.me/5493751588752
https://wa.me/5493757526015
https://wa.me/5493757526109

Nuestro canal en WhatsApp: https://whatsapp.com/channel/0029VbAee6b72WTumItPPh3U
Nuestro Instagram: @accesorioslimonok
Link a nuestra web: https://mematalimon.com.ar",in stock,new,2000 ARS,https://mematalimon.com.ar/producto/11,https://mematalimon.com.ar/imgcarrito/11.jpg,https://mematalimon.com.ar/imgcarrito/11B.jpg;https://mematalimon.com.ar/imgcarrito/11C.jpg;https://mematalimon.com.ar/imgcarrito/11D.jpg;https://mematalimon.com.ar/imgcarrito/11E.jpg,,Me mata limon,active,166,530
F0MPX84467,"Cable power super 8","ME MATA LIMON
Estamos en el KM3, Eldorado, Misiones

WhatsApp:
https://wa.me/5493751588753
https://wa.me/5493751588752
https://wa.me/5493757526015
https://wa.me/5493757526109

Nuestro canal en WhatsApp: https://whatsapp.com/channel/0029VbAee6b72WTumItPPh3U
Nuestro Instagram: @accesorioslimonok
Link a nuestra web: https://mematalimon.com.ar",in stock,new,2000 ARS,https://mematalimon.com.ar/producto/51,https://mematalimon.com.ar/imgcarrito/51.jpg,https://mematalimon.com.ar/imgcarrito/51B.jpg;https://mematalimon.com.ar/imgcarrito/51C.jpg;https://mematalimon.com.ar/imgcarrito/51D.jpg;https://mematalimon.com.ar/imgcarrito/51E.jpg,,Me mata limon,active,166,530
FXNE28F5PT,"Cargador de celular para auto 66W","ME MATA LIMON
Estamos en el KM3, Eldorado, Misiones

WhatsApp:
https://wa.me/5493751588753
https://wa.me/5493751588752
https://wa.me/5493757526015
https://wa.me/5493757526109

Nuestro canal en WhatsApp: https://whatsapp.com/channel/0029VbAee6b72WTumItPPh3U
Nuestro Instagram: @accesorioslimonok
Link a nuestra web: https://mematalimon.com.ar",in stock,new,6600 ARS,https://mematalimon.com.ar/producto/71,https://mematalimon.com.ar/imgcarrito/71.jpg,https://mematalimon.com.ar/imgcarrito/71B.jpg;https://mematalimon.com.ar/imgcarrito/71C.jpg;https://mematalimon.com.ar/imgcarrito/71D.jpg;https://mematalimon.com.ar/imgcarrito/71E.jpg,,Me mata limon,active,166,530
GRBNC70V3U,"Fuente transformador 5V 2A","ME MATA LIMON
Estamos en el KM3, Eldorado, Misiones

WhatsApp:
https://wa.me/5493751588753
https://wa.me/5493751588752
https://wa.me/5493757526015
https://wa.me/5493757526109

Nuestro canal en WhatsApp: https://whatsapp.com/channel/0029VbAee6b72WTumItPPh3U
Nuestro Instagram: @accesorioslimonok
Link a nuestra web: https://mematalimon.com.ar",in stock,new,5000 ARS,https://mematalimon.com.ar/producto/94,https://mematalimon.com.ar/imgcarrito/94.jpg,https://mematalimon.com.ar/imgcarrito/94B.jpg;https://mematalimon.com.ar/imgcarrito/94C.jpg;https://mematalimon.com.ar/imgcarrito/94D.jpg;https://mematalimon.com.ar/imgcarrito/94E.jpg,,Me mata limon,active,166,530
H2RWD6EEZA,"Funda y come cable para cargador, Perrito","ME MATA LIMON
Estamos en el KM3, Eldorado, Misiones

WhatsApp:
https://wa.me/5493751588753
https://wa.me/5493751588752
https://wa.me/5493757526015
https://wa.me/5493757526109

Nuestro canal en WhatsApp: https://whatsapp.com/channel/0029VbAee6b72WTumItPPh3U
Nuestro Instagram: @accesorioslimonok
Link a nuestra web: https://mematalimon.com.ar",in stock,new,4500 ARS,https://mematalimon.com.ar/producto/106,https://mematalimon.com.ar/imgcarrito/106.jpg,https://mematalimon.com.ar/imgcarrito/106B.jpg;https://mematalimon.com.ar/imgcarrito/106C.jpg;https://mematalimon.com.ar/imgcarrito/106D.jpg;https://mematalimon.com.ar/imgcarrito/106E.jpg,,Me mata limon,active,166,530
HB2YZ6IN2N,"Funda y come cable para cargador, Tiburon","ME MATA LIMON
Estamos en el KM3, Eldorado, Misiones

WhatsApp:
https://wa.me/5493751588753
https://wa.me/5493751588752
https://wa.me/5493757526015
https://wa.me/5493757526109

Nuestro canal en WhatsApp: https://whatsapp.com/channel/0029VbAee6b72WTumItPPh3U
Nuestro Instagram: @accesorioslimonok
Link a nuestra web: https://mematalimon.com.ar",in stock,new,4500 ARS,https://mematalimon.com.ar/producto/107,https://mematalimon.com.ar/imgcarrito/107.jpg,https://mematalimon.com.ar/imgcarrito/107B.jpg;https://mematalimon.com.ar/imgcarrito/107C.jpg;https://mematalimon.com.ar/imgcarrito/107D.jpg;https://mematalimon.com.ar/imgcarrito/107E.jpg,,Me mata limon,active,166,530
HUSAM60F1H,"Joystick con cable USB para PC","ME MATA LIMON
Estamos en el KM3, Eldorado, Misiones

WhatsApp:
https://wa.me/5493751588753
https://wa.me/5493751588752
https://wa.me/5493757526015
https://wa.me/5493757526109

Nuestro canal en WhatsApp: https://whatsapp.com/channel/0029VbAee6b72WTumItPPh3U
Nuestro Instagram: @accesorioslimonok
Link a nuestra web: https://mematalimon.com.ar",in stock,new,10000 ARS,https://mematalimon.com.ar/producto/112,https://mematalimon.com.ar/imgcarrito/112.jpg,https://mematalimon.com.ar/imgcarrito/112B.jpg;https://mematalimon.com.ar/imgcarrito/112C.jpg;https://mematalimon.com.ar/imgcarrito/112D.jpg;https://mematalimon.com.ar/imgcarrito/112E.jpg,,Me mata limon,active,166,530
I9QJ55SDY3,"Cable USB a V8(Micro usb) 5A","ME MATA LIMON
Estamos en el KM3, Eldorado, Misiones

WhatsApp:
https://wa.me/5493751588753
https://wa.me/5493751588752
https://wa.me/5493757526015
https://wa.me/5493757526109

Nuestro canal en WhatsApp: https://whatsapp.com/channel/0029VbAee6b72WTumItPPh3U
Nuestro Instagram: @accesorioslimonok
Link a nuestra web: https://mematalimon.com.ar",in stock,new,2600 ARS,https://mematalimon.com.ar/producto/58,https://mematalimon.com.ar/imgcarrito/58.jpg,https://mematalimon.com.ar/imgcarrito/58B.jpg;https://mematalimon.com.ar/imgcarrito/58C.jpg;https://mematalimon.com.ar/imgcarrito/58D.jpg;https://mematalimon.com.ar/imgcarrito/58E.jpg,,Me mata limon,active,166,530
j3a0r5bz6t,"Juguete anti estres Pringles naranja","ME MATA LIMON
Estamos en el KM3, Eldorado, Misiones

WhatsApp:
https://wa.me/5493751588753
https://wa.me/5493751588752
https://wa.me/5493757526015
https://wa.me/5493757526109

Nuestro canal en WhatsApp: https://whatsapp.com/channel/0029VbAee6b72WTumItPPh3U
Nuestro Instagram: @accesorioslimonok
Link a nuestra web: https://mematalimon.com.ar",in stock,new,4000 ARS,https://mematalimon.com.ar/producto/114,https://mematalimon.com.ar/imgcarrito/114.jpg,https://mematalimon.com.ar/imgcarrito/114B.jpg;https://mematalimon.com.ar/imgcarrito/114C.jpg;https://mematalimon.com.ar/imgcarrito/114D.jpg;https://mematalimon.com.ar/imgcarrito/114E.jpg,,Me mata limon,active,166,530
JC75F4SXVQ,"Lapiz tactil para celular o tablet Negro","ME MATA LIMON
Estamos en el KM3, Eldorado, Misiones

WhatsApp:
https://wa.me/5493751588753
https://wa.me/5493751588752
https://wa.me/5493757526015
https://wa.me/5493757526109

Nuestro canal en WhatsApp: https://whatsapp.com/channel/0029VbAee6b72WTumItPPh3U
Nuestro Instagram: @accesorioslimonok
Link a nuestra web: https://mematalimon.com.ar",in stock,new,1500 ARS,https://mematalimon.com.ar/producto/122,https://mematalimon.com.ar/imgcarrito/122.jpg,https://mematalimon.com.ar/imgcarrito/122B.jpg;https://mematalimon.com.ar/imgcarrito/122C.jpg;https://mematalimon.com.ar/imgcarrito/122D.jpg;https://mematalimon.com.ar/imgcarrito/122E.jpg,,Me mata limon,active,166,530
jcrzch5cwn,"Mano de gestos LED a pila","ME MATA LIMON
Estamos en el KM3, Eldorado, Misiones

WhatsApp:
https://wa.me/5493751588753
https://wa.me/5493751588752
https://wa.me/5493757526015
https://wa.me/5493757526109

Nuestro canal en WhatsApp: https://whatsapp.com/channel/0029VbAee6b72WTumItPPh3U
Nuestro Instagram: @accesorioslimonok
Link a nuestra web: https://mematalimon.com.ar",in stock,new,16500 ARS,https://mematalimon.com.ar/producto/133,https://mematalimon.com.ar/imgcarrito/133.jpg,https://mematalimon.com.ar/imgcarrito/133B.jpg;https://mematalimon.com.ar/imgcarrito/133C.jpg;https://mematalimon.com.ar/imgcarrito/133D.jpg;https://mematalimon.com.ar/imgcarrito/133E.jpg,,Me mata limon,active,166,530
KLTO834L7C,"Adaptador OTG ficha micro usb","ME MATA LIMON
Estamos en el KM3, Eldorado, Misiones

WhatsApp:
https://wa.me/5493751588753
https://wa.me/5493751588752
https://wa.me/5493757526015
https://wa.me/5493757526109

Nuestro canal en WhatsApp: https://whatsapp.com/channel/0029VbAee6b72WTumItPPh3U
Nuestro Instagram: @accesorioslimonok
Link a nuestra web: https://mematalimon.com.ar",in stock,new,1000 ARS,https://mematalimon.com.ar/producto/9,https://mematalimon.com.ar/imgcarrito/9.jpg,https://mematalimon.com.ar/imgcarrito/9B.jpg;https://mematalimon.com.ar/imgcarrito/9C.jpg;https://mematalimon.com.ar/imgcarrito/9D.jpg;https://mematalimon.com.ar/imgcarrito/9E.jpg,,Me mata limon,active,166,530
L5JZV2MD66,"Cable VGA 1.5mts","ME MATA LIMON
Estamos en el KM3, Eldorado, Misiones

WhatsApp:
https://wa.me/5493751588753
https://wa.me/5493751588752
https://wa.me/5493757526015
https://wa.me/5493757526109

Nuestro canal en WhatsApp: https://whatsapp.com/channel/0029VbAee6b72WTumItPPh3U
Nuestro Instagram: @accesorioslimonok
Link a nuestra web: https://mematalimon.com.ar",in stock,new,3000 ARS,https://mematalimon.com.ar/producto/61,https://mematalimon.com.ar/imgcarrito/61.jpg,https://mematalimon.com.ar/imgcarrito/61B.jpg;https://mematalimon.com.ar/imgcarrito/61C.jpg;https://mematalimon.com.ar/imgcarrito/61D.jpg;https://mematalimon.com.ar/imgcarrito/61E.jpg,,Me mata limon,active,166,530
LGIXI2PBLD,"Auricular bluetooth I12 amarillo","ME MATA LIMON
Estamos en el KM3, Eldorado, Misiones

WhatsApp:
https://wa.me/5493751588753
https://wa.me/5493751588752
https://wa.me/5493757526015
https://wa.me/5493757526109

Nuestro canal en WhatsApp: https://whatsapp.com/channel/0029VbAee6b72WTumItPPh3U
Nuestro Instagram: @accesorioslimonok
Link a nuestra web: https://mematalimon.com.ar",in stock,new,8500 ARS,https://mematalimon.com.ar/producto/25,https://mematalimon.com.ar/imgcarrito/25.jpg,https://mematalimon.com.ar/imgcarrito/25B.jpg;https://mematalimon.com.ar/imgcarrito/25C.jpg;https://mematalimon.com.ar/imgcarrito/25D.jpg;https://mematalimon.com.ar/imgcarrito/25E.jpg,,Me mata limon,active,166,530
MNYVO1EU0F,"Cable auxiliar 1.5mts","ME MATA LIMON
Estamos en el KM3, Eldorado, Misiones

WhatsApp:
https://wa.me/5493751588753
https://wa.me/5493751588752
https://wa.me/5493757526015
https://wa.me/5493757526109

Nuestro canal en WhatsApp: https://whatsapp.com/channel/0029VbAee6b72WTumItPPh3U
Nuestro Instagram: @accesorioslimonok
Link a nuestra web: https://mematalimon.com.ar",in stock,new,1600 ARS,https://mematalimon.com.ar/producto/48,https://mematalimon.com.ar/imgcarrito/48.jpg,https://mematalimon.com.ar/imgcarrito/48B.jpg;https://mematalimon.com.ar/imgcarrito/48C.jpg;https://mematalimon.com.ar/imgcarrito/48D.jpg;https://mematalimon.com.ar/imgcarrito/48E.jpg,,Me mata limon,active,166,530
NHN4Y0ZKFG,"Cargador completo Apple con ficha TIPOC 35W","ME MATA LIMON
Estamos en el KM3, Eldorado, Misiones

WhatsApp:
https://wa.me/5493751588753
https://wa.me/5493751588752
https://wa.me/5493757526015
https://wa.me/5493757526109

Nuestro canal en WhatsApp: https://whatsapp.com/channel/0029VbAee6b72WTumItPPh3U
Nuestro Instagram: @accesorioslimonok
Link a nuestra web: https://mematalimon.com.ar",in stock,new,12100 ARS,https://mematalimon.com.ar/producto/70,https://mematalimon.com.ar/imgcarrito/70.jpg,https://mematalimon.com.ar/imgcarrito/70B.jpg;https://mematalimon.com.ar/imgcarrito/70C.jpg;https://mematalimon.com.ar/imgcarrito/70D.jpg;https://mematalimon.com.ar/imgcarrito/70E.jpg,,Me mata limon,active,166,530
OS2EZZD3BW,"Cabezal Apple TIPOC 20W","ME MATA LIMON
Estamos en el KM3, Eldorado, Misiones

WhatsApp:
https://wa.me/5493751588753
https://wa.me/5493751588752
https://wa.me/5493757526015
https://wa.me/5493757526109

Nuestro canal en WhatsApp: https://whatsapp.com/channel/0029VbAee6b72WTumItPPh3U
Nuestro Instagram: @accesorioslimonok
Link a nuestra web: https://mematalimon.com.ar",in stock,new,9000 ARS,https://mematalimon.com.ar/producto/44,https://mematalimon.com.ar/imgcarrito/44.jpg,https://mematalimon.com.ar/imgcarrito/44B.jpg;https://mematalimon.com.ar/imgcarrito/44C.jpg;https://mematalimon.com.ar/imgcarrito/44D.jpg;https://mematalimon.com.ar/imgcarrito/44E.jpg,,Me mata limon,active,166,530
OV2PVZ23SB,"Cartel LED luminoso ABIERTO","ME MATA LIMON
Estamos en el KM3, Eldorado, Misiones

WhatsApp:
https://wa.me/5493751588753
https://wa.me/5493751588752
https://wa.me/5493757526015
https://wa.me/5493757526109

Nuestro canal en WhatsApp: https://whatsapp.com/channel/0029VbAee6b72WTumItPPh3U
Nuestro Instagram: @accesorioslimonok
Link a nuestra web: https://mematalimon.com.ar",in stock,new,22000 ARS,https://mematalimon.com.ar/producto/75,https://mematalimon.com.ar/imgcarrito/75.jpg,https://mematalimon.com.ar/imgcarrito/75B.jpg;https://mematalimon.com.ar/imgcarrito/75C.jpg;https://mematalimon.com.ar/imgcarrito/75D.jpg;https://mematalimon.com.ar/imgcarrito/75E.jpg,,Me mata limon,active,166,530
P21CNYG1R4,"Auricular con cable Samsung M21 con ficha TIPOC negro","ME MATA LIMON
Estamos en el KM3, Eldorado, Misiones

WhatsApp:
https://wa.me/5493751588753
https://wa.me/5493751588752
https://wa.me/5493757526015
https://wa.me/5493757526109

Nuestro canal en WhatsApp: https://whatsapp.com/channel/0029VbAee6b72WTumItPPh3U
Nuestro Instagram: @accesorioslimonok
Link a nuestra web: https://mematalimon.com.ar",in stock,new,10200 ARS,https://mematalimon.com.ar/producto/29,https://mematalimon.com.ar/imgcarrito/29.jpg,https://mematalimon.com.ar/imgcarrito/29B.jpg;https://mematalimon.com.ar/imgcarrito/29C.jpg;https://mematalimon.com.ar/imgcarrito/29D.jpg;https://mematalimon.com.ar/imgcarrito/29E.jpg,,Me mata limon,active,166,530
PISCEY9U8J,"Funda y come cable para cargador, Osito con galleta","ME MATA LIMON
Estamos en el KM3, Eldorado, Misiones

WhatsApp:
https://wa.me/5493751588753
https://wa.me/5493751588752
https://wa.me/5493757526015
https://wa.me/5493757526109

Nuestro canal en WhatsApp: https://whatsapp.com/channel/0029VbAee6b72WTumItPPh3U
Nuestro Instagram: @accesorioslimonok
Link a nuestra web: https://mematalimon.com.ar",in stock,new,4500 ARS,https://mematalimon.com.ar/producto/104,https://mematalimon.com.ar/imgcarrito/104.jpg,https://mematalimon.com.ar/imgcarrito/104B.jpg;https://mematalimon.com.ar/imgcarrito/104C.jpg;https://mematalimon.com.ar/imgcarrito/104D.jpg;https://mematalimon.com.ar/imgcarrito/104E.jpg,,Me mata limon,active,166,530
PMRNAYYTQX,"Calza frizada, talle unico","ME MATA LIMON
Estamos en el KM3, Eldorado, Misiones

WhatsApp:
https://wa.me/5493751588753
https://wa.me/5493751588752
https://wa.me/5493757526015
https://wa.me/5493757526109

Nuestro canal en WhatsApp: https://whatsapp.com/channel/0029VbAee6b72WTumItPPh3U
Nuestro Instagram: @accesorioslimonok
Link a nuestra web: https://mematalimon.com.ar",in stock,new,6000 ARS,https://mematalimon.com.ar/producto/66,https://mematalimon.com.ar/imgcarrito/66.jpg,https://mematalimon.com.ar/imgcarrito/66B.jpg;https://mematalimon.com.ar/imgcarrito/66C.jpg;https://mematalimon.com.ar/imgcarrito/66D.jpg;https://mematalimon.com.ar/imgcarrito/66E.jpg,,Me mata limon,active,166,530
PQQY5YNT7C,"Funda de silicona para auricular i12 Negro","ME MATA LIMON
Estamos en el KM3, Eldorado, Misiones

WhatsApp:
https://wa.me/5493751588753
https://wa.me/5493751588752
https://wa.me/5493757526015
https://wa.me/5493757526109

Nuestro canal en WhatsApp: https://whatsapp.com/channel/0029VbAee6b72WTumItPPh3U
Nuestro Instagram: @accesorioslimonok
Link a nuestra web: https://mematalimon.com.ar",in stock,new,1600 ARS,https://mematalimon.com.ar/producto/98,https://mematalimon.com.ar/imgcarrito/98.jpg,https://mematalimon.com.ar/imgcarrito/98B.jpg;https://mematalimon.com.ar/imgcarrito/98C.jpg;https://mematalimon.com.ar/imgcarrito/98D.jpg;https://mematalimon.com.ar/imgcarrito/98E.jpg,,Me mata limon,active,166,530
PTQA1YCSOQ,"Balanza gramera 500grs","ME MATA LIMON
Estamos en el KM3, Eldorado, Misiones

WhatsApp:
https://wa.me/5493751588753
https://wa.me/5493751588752
https://wa.me/5493757526015
https://wa.me/5493757526109

Nuestro canal en WhatsApp: https://whatsapp.com/channel/0029VbAee6b72WTumItPPh3U
Nuestro Instagram: @accesorioslimonok
Link a nuestra web: https://mematalimon.com.ar",in stock,new,9000 ARS,https://mematalimon.com.ar/producto/37,https://mematalimon.com.ar/imgcarrito/37.jpg,https://mematalimon.com.ar/imgcarrito/37B.jpg;https://mematalimon.com.ar/imgcarrito/37C.jpg;https://mematalimon.com.ar/imgcarrito/37D.jpg;https://mematalimon.com.ar/imgcarrito/37E.jpg,,Me mata limon,active,166,530
Q9HASX5L65,"Cargador de celular para moto 12V","ME MATA LIMON
Estamos en el KM3, Eldorado, Misiones

WhatsApp:
https://wa.me/5493751588753
https://wa.me/5493751588752
https://wa.me/5493757526015
https://wa.me/5493757526109

Nuestro canal en WhatsApp: https://whatsapp.com/channel/0029VbAee6b72WTumItPPh3U
Nuestro Instagram: @accesorioslimonok
Link a nuestra web: https://mematalimon.com.ar",in stock,new,9600 ARS,https://mematalimon.com.ar/producto/72,https://mematalimon.com.ar/imgcarrito/72.jpg,https://mematalimon.com.ar/imgcarrito/72B.jpg;https://mematalimon.com.ar/imgcarrito/72C.jpg;https://mematalimon.com.ar/imgcarrito/72D.jpg;https://mematalimon.com.ar/imgcarrito/72E.jpg,,Me mata limon,active,166,530
qbokoowkgs,"Calculadora 12 digitos","ME MATA LIMON
Estamos en el KM3, Eldorado, Misiones

WhatsApp:
https://wa.me/5493751588753
https://wa.me/5493751588752
https://wa.me/5493757526015
https://wa.me/5493757526109

Nuestro canal en WhatsApp: https://whatsapp.com/channel/0029VbAee6b72WTumItPPh3U
Nuestro Instagram: @accesorioslimonok
Link a nuestra web: https://mematalimon.com.ar",in stock,new,5800 ARS,https://mematalimon.com.ar/producto/62,https://mematalimon.com.ar/imgcarrito/62.jpg,https://mematalimon.com.ar/imgcarrito/62B.jpg;https://mematalimon.com.ar/imgcarrito/62C.jpg;https://mematalimon.com.ar/imgcarrito/62D.jpg;https://mematalimon.com.ar/imgcarrito/62E.jpg,,Me mata limon,active,166,530
qhbxi854nk,"Calculadora 12 digitos Kawaii blanco","ME MATA LIMON
Estamos en el KM3, Eldorado, Misiones

WhatsApp:
https://wa.me/5493751588753
https://wa.me/5493751588752
https://wa.me/5493757526015
https://wa.me/5493757526109

Nuestro canal en WhatsApp: https://whatsapp.com/channel/0029VbAee6b72WTumItPPh3U
Nuestro Instagram: @accesorioslimonok
Link a nuestra web: https://mematalimon.com.ar",in stock,new,9000 ARS,https://mematalimon.com.ar/producto/63,https://mematalimon.com.ar/imgcarrito/63.jpg,https://mematalimon.com.ar/imgcarrito/63B.jpg;https://mematalimon.com.ar/imgcarrito/63C.jpg;https://mematalimon.com.ar/imgcarrito/63D.jpg;https://mematalimon.com.ar/imgcarrito/63E.jpg,,Me mata limon,active,166,530
QHGWKXJK4Y,"Encendedor IBEK por unidad amarillo","ME MATA LIMON
Estamos en el KM3, Eldorado, Misiones

WhatsApp:
https://wa.me/5493751588753
https://wa.me/5493751588752
https://wa.me/5493757526015
https://wa.me/5493757526109

Nuestro canal en WhatsApp: https://whatsapp.com/channel/0029VbAee6b72WTumItPPh3U
Nuestro Instagram: @accesorioslimonok
Link a nuestra web: https://mematalimon.com.ar",in stock,new,500 ARS,https://mematalimon.com.ar/producto/88,https://mematalimon.com.ar/imgcarrito/88.jpg,https://mematalimon.com.ar/imgcarrito/88B.jpg;https://mematalimon.com.ar/imgcarrito/88C.jpg;https://mematalimon.com.ar/imgcarrito/88D.jpg;https://mematalimon.com.ar/imgcarrito/88E.jpg,,Me mata limon,active,166,530
R46J3WQBK6,"Funda de silicona camuflada verde para joystick PS4","ME MATA LIMON
Estamos en el KM3, Eldorado, Misiones

WhatsApp:
https://wa.me/5493751588753
https://wa.me/5493751588752
https://wa.me/5493757526015
https://wa.me/5493757526109

Nuestro canal en WhatsApp: https://whatsapp.com/channel/0029VbAee6b72WTumItPPh3U
Nuestro Instagram: @accesorioslimonok
Link a nuestra web: https://mematalimon.com.ar",in stock,new,4600 ARS,https://mematalimon.com.ar/producto/95,https://mematalimon.com.ar/imgcarrito/95.jpg,https://mematalimon.com.ar/imgcarrito/95B.jpg;https://mematalimon.com.ar/imgcarrito/95C.jpg;https://mematalimon.com.ar/imgcarrito/95D.jpg;https://mematalimon.com.ar/imgcarrito/95E.jpg,,Me mata limon,active,166,530
RKXJUWJ42M,"Lima torno a pila para uñas de bebe","ME MATA LIMON
Estamos en el KM3, Eldorado, Misiones

WhatsApp:
https://wa.me/5493751588753
https://wa.me/5493751588752
https://wa.me/5493757526015
https://wa.me/5493757526109

Nuestro canal en WhatsApp: https://whatsapp.com/channel/0029VbAee6b72WTumItPPh3U
Nuestro Instagram: @accesorioslimonok
Link a nuestra web: https://mematalimon.com.ar",in stock,new,13500 ARS,https://mematalimon.com.ar/producto/127,https://mematalimon.com.ar/imgcarrito/127.jpg,https://mematalimon.com.ar/imgcarrito/127B.jpg;https://mematalimon.com.ar/imgcarrito/127C.jpg;https://mematalimon.com.ar/imgcarrito/127D.jpg;https://mematalimon.com.ar/imgcarrito/127E.jpg,,Me mata limon,active,166,530
RRV5LWX20F,"Cable USB a TIPOC (para cargar auriculares)","ME MATA LIMON
Estamos en el KM3, Eldorado, Misiones

WhatsApp:
https://wa.me/5493751588753
https://wa.me/5493751588752
https://wa.me/5493757526015
https://wa.me/5493757526109

Nuestro canal en WhatsApp: https://whatsapp.com/channel/0029VbAee6b72WTumItPPh3U
Nuestro Instagram: @accesorioslimonok
Link a nuestra web: https://mematalimon.com.ar",in stock,new,800 ARS,https://mematalimon.com.ar/producto/59,https://mematalimon.com.ar/imgcarrito/59.jpg,https://mematalimon.com.ar/imgcarrito/59B.jpg;https://mematalimon.com.ar/imgcarrito/59C.jpg;https://mematalimon.com.ar/imgcarrito/59D.jpg;https://mematalimon.com.ar/imgcarrito/59E.jpg,,Me mata limon,active,166,530
S2U39V01GM,"Adaptador de iphone para auricular","ME MATA LIMON
Estamos en el KM3, Eldorado, Misiones

WhatsApp:
https://wa.me/5493751588753
https://wa.me/5493751588752
https://wa.me/5493757526015
https://wa.me/5493757526109

Nuestro canal en WhatsApp: https://whatsapp.com/channel/0029VbAee6b72WTumItPPh3U
Nuestro Instagram: @accesorioslimonok
Link a nuestra web: https://mematalimon.com.ar",in stock,new,5800 ARS,https://mematalimon.com.ar/producto/7,https://mematalimon.com.ar/imgcarrito/7.jpg,https://mematalimon.com.ar/imgcarrito/7B.jpg;https://mematalimon.com.ar/imgcarrito/7C.jpg;https://mematalimon.com.ar/imgcarrito/7D.jpg;https://mematalimon.com.ar/imgcarrito/7E.jpg,,Me mata limon,active,166,530
S9SQ0VEZEE,"Auricular con cable en bolsita","ME MATA LIMON
Estamos en el KM3, Eldorado, Misiones

WhatsApp:
https://wa.me/5493751588753
https://wa.me/5493751588752
https://wa.me/5493757526015
https://wa.me/5493757526109

Nuestro canal en WhatsApp: https://whatsapp.com/channel/0029VbAee6b72WTumItPPh3U
Nuestro Instagram: @accesorioslimonok
Link a nuestra web: https://mematalimon.com.ar",in stock,new,3000 ARS,https://mematalimon.com.ar/producto/1,https://mematalimon.com.ar/imgcarrito/1.jpg,https://mematalimon.com.ar/imgcarrito/1B.jpg;https://mematalimon.com.ar/imgcarrito/1C.jpg;https://mematalimon.com.ar/imgcarrito/1D.jpg;https://mematalimon.com.ar/imgcarrito/1E.jpg,,Me mata limon,active,166,530
SBMH8VFUZ8,"Libro para pintar con lapices de colores, Rosa","ME MATA LIMON
Estamos en el KM3, Eldorado, Misiones

WhatsApp:
https://wa.me/5493751588753
https://wa.me/5493751588752
https://wa.me/5493757526015
https://wa.me/5493757526109

Nuestro canal en WhatsApp: https://whatsapp.com/channel/0029VbAee6b72WTumItPPh3U
Nuestro Instagram: @accesorioslimonok
Link a nuestra web: https://mematalimon.com.ar",in stock,new,10200 ARS,https://mematalimon.com.ar/producto/126,https://mematalimon.com.ar/imgcarrito/126.jpg,https://mematalimon.com.ar/imgcarrito/126B.jpg;https://mematalimon.com.ar/imgcarrito/126C.jpg;https://mematalimon.com.ar/imgcarrito/126D.jpg;https://mematalimon.com.ar/imgcarrito/126E.jpg,,Me mata limon,active,166,530
td96qfmiy0,"Correa extensible para mascotas 5mts rosa","ME MATA LIMON
Estamos en el KM3, Eldorado, Misiones

WhatsApp:
https://wa.me/5493751588753
https://wa.me/5493751588752
https://wa.me/5493757526015
https://wa.me/5493757526109

Nuestro canal en WhatsApp: https://whatsapp.com/channel/0029VbAee6b72WTumItPPh3U
Nuestro Instagram: @accesorioslimonok
Link a nuestra web: https://mematalimon.com.ar",in stock,new,9800 ARS,https://mematalimon.com.ar/producto/82,https://mematalimon.com.ar/imgcarrito/82.jpg,https://mematalimon.com.ar/imgcarrito/82B.jpg;https://mematalimon.com.ar/imgcarrito/82C.jpg;https://mematalimon.com.ar/imgcarrito/82D.jpg;https://mematalimon.com.ar/imgcarrito/82E.jpg,,Me mata limon,active,166,530
TD9DAUEJC2,"Funda y come cable para cargador, Astronauta blanco","ME MATA LIMON
Estamos en el KM3, Eldorado, Misiones

WhatsApp:
https://wa.me/5493751588753
https://wa.me/5493751588752
https://wa.me/5493757526015
https://wa.me/5493757526109

Nuestro canal en WhatsApp: https://whatsapp.com/channel/0029VbAee6b72WTumItPPh3U
Nuestro Instagram: @accesorioslimonok
Link a nuestra web: https://mematalimon.com.ar",in stock,new,4500 ARS,https://mematalimon.com.ar/producto/100,https://mematalimon.com.ar/imgcarrito/100.jpg,https://mematalimon.com.ar/imgcarrito/100B.jpg;https://mematalimon.com.ar/imgcarrito/100C.jpg;https://mematalimon.com.ar/imgcarrito/100D.jpg;https://mematalimon.com.ar/imgcarrito/100E.jpg,,Me mata limon,active,166,530
TG9O6U3JTG,"Funda y come cable para cargador, Cerdito","ME MATA LIMON
Estamos en el KM3, Eldorado, Misiones

WhatsApp:
https://wa.me/5493751588753
https://wa.me/5493751588752
https://wa.me/5493757526015
https://wa.me/5493757526109

Nuestro canal en WhatsApp: https://whatsapp.com/channel/0029VbAee6b72WTumItPPh3U
Nuestro Instagram: @accesorioslimonok
Link a nuestra web: https://mematalimon.com.ar",in stock,new,4500 ARS,https://mematalimon.com.ar/producto/101,https://mematalimon.com.ar/imgcarrito/101.jpg,https://mematalimon.com.ar/imgcarrito/101B.jpg;https://mematalimon.com.ar/imgcarrito/101C.jpg;https://mematalimon.com.ar/imgcarrito/101D.jpg;https://mematalimon.com.ar/imgcarrito/101E.jpg,,Me mata limon,active,166,530
TK8Z2USIBV,"Pad almohadilla reposa muñecas blanco","ME MATA LIMON
Estamos en el KM3, Eldorado, Misiones

WhatsApp:
https://wa.me/5493751588753
https://wa.me/5493751588752
https://wa.me/5493757526015
https://wa.me/5493757526109

Nuestro canal en WhatsApp: https://whatsapp.com/channel/0029VbAee6b72WTumItPPh3U
Nuestro Instagram: @accesorioslimonok
Link a nuestra web: https://mematalimon.com.ar",in stock,new,11200 ARS,https://mematalimon.com.ar/producto/13,https://mematalimon.com.ar/imgcarrito/13.jpg,https://mematalimon.com.ar/imgcarrito/13B.jpg;https://mematalimon.com.ar/imgcarrito/13C.jpg;https://mematalimon.com.ar/imgcarrito/13D.jpg;https://mematalimon.com.ar/imgcarrito/13E.jpg,,Me mata limon,active,166,530
TXIDJULRUN,"Auricular con cable Samsung M21 con ficha TIPOC blanco","ME MATA LIMON
Estamos en el KM3, Eldorado, Misiones

WhatsApp:
https://wa.me/5493751588753
https://wa.me/5493751588752
https://wa.me/5493757526015
https://wa.me/5493757526109

Nuestro canal en WhatsApp: https://whatsapp.com/channel/0029VbAee6b72WTumItPPh3U
Nuestro Instagram: @accesorioslimonok
Link a nuestra web: https://mematalimon.com.ar",in stock,new,10200 ARS,https://mematalimon.com.ar/producto/23,https://mematalimon.com.ar/imgcarrito/23.jpg,https://mematalimon.com.ar/imgcarrito/23B.jpg;https://mematalimon.com.ar/imgcarrito/23C.jpg;https://mematalimon.com.ar/imgcarrito/23D.jpg;https://mematalimon.com.ar/imgcarrito/23E.jpg,,Me mata limon,active,166,530
UEX9CTC8PW,"Auricular vincha bluetooth P9 blanco","ME MATA LIMON
Estamos en el KM3, Eldorado, Misiones

WhatsApp:
https://wa.me/5493751588753
https://wa.me/5493751588752
https://wa.me/5493757526015
https://wa.me/5493757526109

Nuestro canal en WhatsApp: https://whatsapp.com/channel/0029VbAee6b72WTumItPPh3U
Nuestro Instagram: @accesorioslimonok
Link a nuestra web: https://mematalimon.com.ar",in stock,new,12100 ARS,https://mematalimon.com.ar/producto/32,https://mematalimon.com.ar/imgcarrito/32.jpg,https://mematalimon.com.ar/imgcarrito/32B.jpg;https://mematalimon.com.ar/imgcarrito/32C.jpg;https://mematalimon.com.ar/imgcarrito/32D.jpg;https://mematalimon.com.ar/imgcarrito/32E.jpg,,Me mata limon,active,166,530
UROX7SH2PX,"Cargador USB para pilas recargables AA y AAA","ME MATA LIMON
Estamos en el KM3, Eldorado, Misiones

WhatsApp:
https://wa.me/5493751588753
https://wa.me/5493751588752
https://wa.me/5493757526015
https://wa.me/5493757526109

Nuestro canal en WhatsApp: https://whatsapp.com/channel/0029VbAee6b72WTumItPPh3U
Nuestro Instagram: @accesorioslimonok
Link a nuestra web: https://mematalimon.com.ar",in stock,new,11200 ARS,https://mematalimon.com.ar/producto/74,https://mematalimon.com.ar/imgcarrito/74.jpg,https://mematalimon.com.ar/imgcarrito/74B.jpg;https://mematalimon.com.ar/imgcarrito/74C.jpg;https://mematalimon.com.ar/imgcarrito/74D.jpg;https://mematalimon.com.ar/imgcarrito/74E.jpg,,Me mata limon,active,166,530
v9rr1ikcye,"Juguete anti estres Pringles rosa","ME MATA LIMON
Estamos en el KM3, Eldorado, Misiones

WhatsApp:
https://wa.me/5493751588753
https://wa.me/5493751588752
https://wa.me/5493757526015
https://wa.me/5493757526109

Nuestro canal en WhatsApp: https://whatsapp.com/channel/0029VbAee6b72WTumItPPh3U
Nuestro Instagram: @accesorioslimonok
Link a nuestra web: https://mematalimon.com.ar",in stock,new,4000 ARS,https://mematalimon.com.ar/producto/115,https://mematalimon.com.ar/imgcarrito/115.jpg,https://mematalimon.com.ar/imgcarrito/115B.jpg;https://mematalimon.com.ar/imgcarrito/115C.jpg;https://mematalimon.com.ar/imgcarrito/115D.jpg;https://mematalimon.com.ar/imgcarrito/115E.jpg,,Me mata limon,active,166,530
VIEVMSCSNJ,"Cable TIPOC a iPhone 27W","ME MATA LIMON
Estamos en el KM3, Eldorado, Misiones

WhatsApp:
https://wa.me/5493751588753
https://wa.me/5493751588752
https://wa.me/5493757526015
https://wa.me/5493757526109

Nuestro canal en WhatsApp: https://whatsapp.com/channel/0029VbAee6b72WTumItPPh3U
Nuestro Instagram: @accesorioslimonok
Link a nuestra web: https://mematalimon.com.ar",in stock,new,4000 ARS,https://mematalimon.com.ar/producto/52,https://mematalimon.com.ar/imgcarrito/52.jpg,https://mematalimon.com.ar/imgcarrito/52B.jpg;https://mematalimon.com.ar/imgcarrito/52C.jpg;https://mematalimon.com.ar/imgcarrito/52D.jpg;https://mematalimon.com.ar/imgcarrito/52E.jpg,,Me mata limon,active,166,530
VLD7HS1S4X,"Funda de silicona para auricular i12 Gris","ME MATA LIMON
Estamos en el KM3, Eldorado, Misiones

WhatsApp:
https://wa.me/5493751588753
https://wa.me/5493751588752
https://wa.me/5493757526015
https://wa.me/5493757526109

Nuestro canal en WhatsApp: https://whatsapp.com/channel/0029VbAee6b72WTumItPPh3U
Nuestro Instagram: @accesorioslimonok
Link a nuestra web: https://mematalimon.com.ar",in stock,new,1600 ARS,https://mematalimon.com.ar/producto/97,https://mematalimon.com.ar/imgcarrito/97.jpg,https://mematalimon.com.ar/imgcarrito/97B.jpg;https://mematalimon.com.ar/imgcarrito/97C.jpg;https://mematalimon.com.ar/imgcarrito/97D.jpg;https://mematalimon.com.ar/imgcarrito/97E.jpg,,Me mata limon,active,166,530
VPDIDSQRLC,"Cabezal Otawa TIPOC 30W","ME MATA LIMON
Estamos en el KM3, Eldorado, Misiones

WhatsApp:
https://wa.me/5493751588753
https://wa.me/5493751588752
https://wa.me/5493757526015
https://wa.me/5493757526109

Nuestro canal en WhatsApp: https://whatsapp.com/channel/0029VbAee6b72WTumItPPh3U
Nuestro Instagram: @accesorioslimonok
Link a nuestra web: https://mematalimon.com.ar",in stock,new,8400 ARS,https://mematalimon.com.ar/producto/45,https://mematalimon.com.ar/imgcarrito/45.jpg,https://mematalimon.com.ar/imgcarrito/45B.jpg;https://mematalimon.com.ar/imgcarrito/45C.jpg;https://mematalimon.com.ar/imgcarrito/45D.jpg;https://mematalimon.com.ar/imgcarrito/45E.jpg,,Me mata limon,active,166,530
VYNKZSU0OP,"Cable auxiliar a 2 RCA","ME MATA LIMON
Estamos en el KM3, Eldorado, Misiones

WhatsApp:
https://wa.me/5493751588753
https://wa.me/5493751588752
https://wa.me/5493757526015
https://wa.me/5493757526109

Nuestro canal en WhatsApp: https://whatsapp.com/channel/0029VbAee6b72WTumItPPh3U
Nuestro Instagram: @accesorioslimonok
Link a nuestra web: https://mematalimon.com.ar",in stock,new,1600 ARS,https://mematalimon.com.ar/producto/46,https://mematalimon.com.ar/imgcarrito/46.jpg,https://mematalimon.com.ar/imgcarrito/46B.jpg;https://mematalimon.com.ar/imgcarrito/46C.jpg;https://mematalimon.com.ar/imgcarrito/46D.jpg;https://mematalimon.com.ar/imgcarrito/46E.jpg,,Me mata limon,active,166,530
W83T0R8JK6,"Funda y come cable para cargador, Huevo","ME MATA LIMON
Estamos en el KM3, Eldorado, Misiones

WhatsApp:
https://wa.me/5493751588753
https://wa.me/5493751588752
https://wa.me/5493757526015
https://wa.me/5493757526109

Nuestro canal en WhatsApp: https://whatsapp.com/channel/0029VbAee6b72WTumItPPh3U
Nuestro Instagram: @accesorioslimonok
Link a nuestra web: https://mematalimon.com.ar",in stock,new,4500 ARS,https://mematalimon.com.ar/producto/103,https://mematalimon.com.ar/imgcarrito/103.jpg,https://mematalimon.com.ar/imgcarrito/103B.jpg;https://mematalimon.com.ar/imgcarrito/103C.jpg;https://mematalimon.com.ar/imgcarrito/103D.jpg;https://mematalimon.com.ar/imgcarrito/103E.jpg,,Me mata limon,active,166,530
wqlsu8m3t8,"Conversor de señal de VGA a AV","ME MATA LIMON
Estamos en el KM3, Eldorado, Misiones

WhatsApp:
https://wa.me/5493751588753
https://wa.me/5493751588752
https://wa.me/5493757526015
https://wa.me/5493757526109

Nuestro canal en WhatsApp: https://whatsapp.com/channel/0029VbAee6b72WTumItPPh3U
Nuestro Instagram: @accesorioslimonok
Link a nuestra web: https://mematalimon.com.ar",in stock,new,10200 ARS,https://mematalimon.com.ar/producto/81,https://mematalimon.com.ar/imgcarrito/81.jpg,https://mematalimon.com.ar/imgcarrito/81B.jpg;https://mematalimon.com.ar/imgcarrito/81C.jpg;https://mematalimon.com.ar/imgcarrito/81D.jpg;https://mematalimon.com.ar/imgcarrito/81E.jpg,,Me mata limon,active,166,530
x4fw3lm0ic,"Conversor de señal de HDMI a AV","ME MATA LIMON
Estamos en el KM3, Eldorado, Misiones

WhatsApp:
https://wa.me/5493751588753
https://wa.me/5493751588752
https://wa.me/5493757526015
https://wa.me/5493757526109

Nuestro canal en WhatsApp: https://whatsapp.com/channel/0029VbAee6b72WTumItPPh3U
Nuestro Instagram: @accesorioslimonok
Link a nuestra web: https://mematalimon.com.ar",in stock,new,10800 ARS,https://mematalimon.com.ar/producto/80,https://mematalimon.com.ar/imgcarrito/80.jpg,https://mematalimon.com.ar/imgcarrito/80B.jpg;https://mematalimon.com.ar/imgcarrito/80C.jpg;https://mematalimon.com.ar/imgcarrito/80D.jpg;https://mematalimon.com.ar/imgcarrito/80E.jpg,,Me mata limon,active,166,530
X7RE6QI9GL,"Funda de silicona camuflada blanca para joystick PS4","ME MATA LIMON
Estamos en el KM3, Eldorado, Misiones

WhatsApp:
https://wa.me/5493751588753
https://wa.me/5493751588752
https://wa.me/5493757526015
https://wa.me/5493757526109

Nuestro canal en WhatsApp: https://whatsapp.com/channel/0029VbAee6b72WTumItPPh3U
Nuestro Instagram: @accesorioslimonok
Link a nuestra web: https://mematalimon.com.ar",in stock,new,4600 ARS,https://mematalimon.com.ar/producto/96,https://mematalimon.com.ar/imgcarrito/96.jpg,https://mematalimon.com.ar/imgcarrito/96B.jpg;https://mematalimon.com.ar/imgcarrito/96C.jpg;https://mematalimon.com.ar/imgcarrito/96D.jpg;https://mematalimon.com.ar/imgcarrito/96E.jpg,,Me mata limon,active,166,530
XQIPTP01FF,"Encendedor IBEK por unidad violeta","ME MATA LIMON
Estamos en el KM3, Eldorado, Misiones

WhatsApp:
https://wa.me/5493751588753
https://wa.me/5493751588752
https://wa.me/5493757526015
https://wa.me/5493757526109

Nuestro canal en WhatsApp: https://whatsapp.com/channel/0029VbAee6b72WTumItPPh3U
Nuestro Instagram: @accesorioslimonok
Link a nuestra web: https://mematalimon.com.ar",in stock,new,500 ARS,https://mematalimon.com.ar/producto/92,https://mematalimon.com.ar/imgcarrito/92.jpg,https://mematalimon.com.ar/imgcarrito/92B.jpg;https://mematalimon.com.ar/imgcarrito/92C.jpg;https://mematalimon.com.ar/imgcarrito/92D.jpg;https://mematalimon.com.ar/imgcarrito/92E.jpg,,Me mata limon,active,166,530
XZSREQ4AHS,"Cable USB V3 (Para joystick Ps3)","ME MATA LIMON
Estamos en el KM3, Eldorado, Misiones

WhatsApp:
https://wa.me/5493751588753
https://wa.me/5493751588752
https://wa.me/5493757526015
https://wa.me/5493757526109

Nuestro canal en WhatsApp: https://whatsapp.com/channel/0029VbAee6b72WTumItPPh3U
Nuestro Instagram: @accesorioslimonok
Link a nuestra web: https://mematalimon.com.ar",in stock,new,2000 ARS,https://mematalimon.com.ar/producto/60,https://mematalimon.com.ar/imgcarrito/60.jpg,https://mematalimon.com.ar/imgcarrito/60B.jpg;https://mematalimon.com.ar/imgcarrito/60C.jpg;https://mematalimon.com.ar/imgcarrito/60D.jpg;https://mematalimon.com.ar/imgcarrito/60E.jpg,,Me mata limon,active,166,530
YL6Y3PLRTG,"Hoja filo TREET en cajita con 5 unidades","ME MATA LIMON
Estamos en el KM3, Eldorado, Misiones

WhatsApp:
https://wa.me/5493751588753
https://wa.me/5493751588752
https://wa.me/5493757526015
https://wa.me/5493757526109

Nuestro canal en WhatsApp: https://whatsapp.com/channel/0029VbAee6b72WTumItPPh3U
Nuestro Instagram: @accesorioslimonok
Link a nuestra web: https://mematalimon.com.ar",in stock,new,1800 ARS,https://mematalimon.com.ar/producto/109,https://mematalimon.com.ar/imgcarrito/109.jpg,https://mematalimon.com.ar/imgcarrito/109B.jpg;https://mematalimon.com.ar/imgcarrito/109C.jpg;https://mematalimon.com.ar/imgcarrito/109D.jpg;https://mematalimon.com.ar/imgcarrito/109E.jpg,,Me mata limon,active,166,530
za0yud6of0,"Cable USB a iPhone 5A","ME MATA LIMON
Estamos en el KM3, Eldorado, Misiones

WhatsApp:
https://wa.me/5493751588753
https://wa.me/5493751588752
https://wa.me/5493757526015
https://wa.me/5493757526109

Nuestro canal en WhatsApp: https://whatsapp.com/channel/0029VbAee6b72WTumItPPh3U
Nuestro Instagram: @accesorioslimonok
Link a nuestra web: https://mematalimon.com.ar",in stock,new,3000 ARS,https://mematalimon.com.ar/producto/54,https://mematalimon.com.ar/imgcarrito/54.jpg,https://mematalimon.com.ar/imgcarrito/54B.jpg;https://mematalimon.com.ar/imgcarrito/54C.jpg;https://mematalimon.com.ar/imgcarrito/54D.jpg;https://mematalimon.com.ar/imgcarrito/54E.jpg,,Me mata limon,active,166,530
ZCVWIOHIQ2,"Cable auxiliar 3mts","ME MATA LIMON
Estamos en el KM3, Eldorado, Misiones

WhatsApp:
https://wa.me/5493751588753
https://wa.me/5493751588752
https://wa.me/5493757526015
https://wa.me/5493757526109

Nuestro canal en WhatsApp: https://whatsapp.com/channel/0029VbAee6b72WTumItPPh3U
Nuestro Instagram: @accesorioslimonok
Link a nuestra web: https://mematalimon.com.ar",in stock,new,2800 ARS,https://mematalimon.com.ar/producto/47,https://mematalimon.com.ar/imgcarrito/47.jpg,https://mematalimon.com.ar/imgcarrito/47B.jpg;https://mematalimon.com.ar/imgcarrito/47C.jpg;https://mematalimon.com.ar/imgcarrito/47D.jpg;https://mematalimon.com.ar/imgcarrito/47E.jpg,,Me mata limon,active,166,530
ZO6AZOAQAU,"Funda y come cable para cargador, Gatito chino","ME MATA LIMON
Estamos en el KM3, Eldorado, Misiones

WhatsApp:
https://wa.me/5493751588753
https://wa.me/5493751588752
https://wa.me/5493757526015
https://wa.me/5493757526109

Nuestro canal en WhatsApp: https://whatsapp.com/channel/0029VbAee6b72WTumItPPh3U
Nuestro Instagram: @accesorioslimonok
Link a nuestra web: https://mematalimon.com.ar",in stock,new,4500 ARS,https://mematalimon.com.ar/producto/102,https://mematalimon.com.ar/imgcarrito/102.jpg,https://mematalimon.com.ar/imgcarrito/102B.jpg;https://mematalimon.com.ar/imgcarrito/102C.jpg;https://mematalimon.com.ar/imgcarrito/102D.jpg;https://mematalimon.com.ar/imgcarrito/102E.jpg,,Me mata limon,active,166,530
zpkgv49xn0,"Juguete anti estres Pringles celeste","ME MATA LIMON
Estamos en el KM3, Eldorado, Misiones

WhatsApp:
https://wa.me/5493751588753
https://wa.me/5493751588752
https://wa.me/5493757526015
https://wa.me/5493757526109

Nuestro canal en WhatsApp: https://whatsapp.com/channel/0029VbAee6b72WTumItPPh3U
Nuestro Instagram: @accesorioslimonok
Link a nuestra web: https://mematalimon.com.ar",in stock,new,4000 ARS,https://mematalimon.com.ar/producto/113,https://mematalimon.com.ar/imgcarrito/113.jpg,https://mematalimon.com.ar/imgcarrito/113B.jpg;https://mematalimon.com.ar/imgcarrito/113C.jpg;https://mematalimon.com.ar/imgcarrito/113D.jpg;https://mematalimon.com.ar/imgcarrito/113E.jpg,,Me mata limon,active,166,530
zrfzm9kzdx,"Cabezal Apple TIPOC 35W","ME MATA LIMON
Estamos en el KM3, Eldorado, Misiones

WhatsApp:
https://wa.me/5493751588753
https://wa.me/5493751588752
https://wa.me/5493757526015
https://wa.me/5493757526109

Nuestro canal en WhatsApp: https://whatsapp.com/channel/0029VbAee6b72WTumItPPh3U
Nuestro Instagram: @accesorioslimonok
Link a nuestra web: https://mematalimon.com.ar",in stock,new,12000 ARS,https://mematalimon.com.ar/producto/41,https://mematalimon.com.ar/imgcarrito/41.jpg,https://mematalimon.com.ar/imgcarrito/41B.jpg;https://mematalimon.com.ar/imgcarrito/41C.jpg;https://mematalimon.com.ar/imgcarrito/41D.jpg;https://mematalimon.com.ar/imgcarrito/41E.jpg,,Me mata limon,active,166,530
ZS5LVOZQS8,"Adaptador para auricular de 1 a 2","ME MATA LIMON
Estamos en el KM3, Eldorado, Misiones

WhatsApp:
https://wa.me/5493751588753
https://wa.me/5493751588752
https://wa.me/5493757526015
https://wa.me/5493757526109

Nuestro canal en WhatsApp: https://whatsapp.com/channel/0029VbAee6b72WTumItPPh3U
Nuestro Instagram: @accesorioslimonok
Link a nuestra web: https://mematalimon.com.ar",in stock,new,1500 ARS,https://mematalimon.com.ar/producto/6,https://mematalimon.com.ar/imgcarrito/6.jpg,https://mematalimon.com.ar/imgcarrito/6B.jpg;https://mematalimon.com.ar/imgcarrito/6C.jpg;https://mematalimon.com.ar/imgcarrito/6D.jpg;https://mematalimon.com.ar/imgcarrito/6E.jpg,,Me mata limon,active,166,530
